Rk,Player,Age,Team,Pos,G,GS,Tgt,Rec,Yds,Y/R,TD,1D,Succ%,Lng,R/G,Y/G,Ctch%,Y/Tgt,Fmb,Awards,-9999
1,Puka Nacua,24,LAR,WR,16,15,166,129,1715,13.3,10,80,70.5,58,8.1,107.2,77.7,10.3,1,PBAP-1AP OPoY-3,NacuPu00
2,Trey McBride,26,ARI,TE,17,17,169,126,1239,9.8,11,63,61.5,31,7.4,72.9,74.6,7.3,0,PBAP-1,McBrTr01
3,Ja'Marr Chase,25,CIN,WR,16,16,185,125,1412,11.3,8,73,55.7,64,7.8,88.3,67.6,7.6,1,PBAP-1,ChasJa00
4,Jaxon Smith-Njigba,23,SEA,WR,17,17,163,119,1793,15.1,10,79,61.3,63,7.0,105.5,73.0,11.0,3,PBAP-1AP OPoY-1,SmitJa06
5,Amon-Ra St. Brown,26,DET,WR,17,17,172,117,1401,12.0,11,70,54.7,52,6.9,82.4,68.0,8.1,1,PBAP-2,StxxAm00
6,Christian McCaffrey,29,SFO,RB,17,17,129,102,924,9.1,7,48,57.4,39,6.0,54.4,79.1,7.2,2,PBAP-1AP MVP-4AP OPoY-2AP CPoY-1,McCaCh01
7,Chris Olave,25,NOR,WR,16,16,156,100,1163,11.6,9,53,49.4,62,6.3,72.7,64.1,7.5,0,AP-2,OlavCh00
8,George Pickens,24,DAL,WR,17,15,137,93,1429,15.4,9,73,65.0,45,5.5,84.1,67.9,10.4,4,PBAP-2,PickGe00
9,Wan'Dale Robinson,24,NYG,WR,16,15,140,92,1014,11.0,4,39,42.9,50,5.8,63.4,65.7,7.2,1,,RobiWa01
10,Kyle Pitts,25,ATL,TE,17,17,118,88,928,10.5,5,51,55.1,36,5.2,54.6,74.6,7.9,0,AP-2,PittKy00
11,Zay Flowers,25,BAL,WR,17,17,118,86,1211,14.1,5,48,59.3,64,5.1,71.2,72.9,10.3,3,PB,FlowZa00
12,Stefon Diggs,32,NWE,WR,17,17,102,85,1013,11.9,4,51,68.6,34,5.0,59.6,83.3,9.9,0,AP CPoY-5,DiggSt00
13,Justin Jefferson,26,MIN,WR,17,17,141,84,1048,12.5,2,47,46.1,50,4.9,61.6,59.6,7.4,0,,JeffJu00
14,Jake Ferguson,26,DAL,TE,17,10,102,82,600,7.3,8,30,51.0,26,4.8,35.3,80.4,5.9,3,PB,FergJa00
15,Dalton Schultz,29,HOU,TE,17,6,106,82,777,9.5,3,39,60.4,47,4.8,45.7,77.4,7.3,1,,SchuDa00
16,Keenan Allen,33,LAC,WR,17,3,122,81,777,9.6,4,49,54.9,31,4.8,45.7,66.4,6.4,2,,AlleKe00
17,Michael Pittman Jr.,28,IND,WR,17,16,111,80,784,9.8,7,47,57.7,27,4.7,46.1,72.1,7.1,0,,PittMi01
18,Bijan Robinson,23,ATL,RB,17,17,103,79,820,10.4,4,34,56.3,69,4.6,48.2,76.7,8.0,4,PBAP-1AP OPoY-4,RobiBi01
19,A.J. Brown,28,PHI,WR,15,15,121,78,1003,12.9,7,46,50.4,45,5.2,66.9,64.5,8.3,0,,BrowAJ00
20,Michael Wilson,25,ARI,WR,17,13,126,78,1006,12.9,7,51,53.2,50,4.6,59.2,61.9,8.0,0,,WilsMi02
21,Jahmyr Gibbs,23,DET,RB,17,17,94,77,616,8.0,5,24,45.7,42,4.5,36.2,81.9,6.6,2,PB,GibbJa01
22,Juwan Johnson,29,NOR,TE,17,10,102,77,889,11.5,3,41,59.8,52,4.5,52.3,75.5,8.7,2,,JohnJu02
23,DeVonta Smith,27,PHI,WR,17,16,113,77,1008,13.1,4,44,51.3,79,4.5,59.3,68.1,8.9,0,,SmitDe07
24,Travis Kelce,36,KAN,TE,17,17,108,76,851,11.2,5,46,61.1,44,4.5,50.1,70.4,7.9,1,PB,KelcTr00
25,Tyler Warren,23,IND,TE,17,12,112,76,817,10.8,4,42,51.8,41,4.5,48.1,67.9,7.3,1,PB,WarrTy00
26,CeeDee Lamb,26,DAL,WR,14,13,117,75,1077,14.4,3,43,51.3,74,5.4,76.9,64.1,9.2,0,PB,LambCe00
27,Jakobi Meyers,29,2TM,WR,16,13,110,75,835,11.1,3,43,58.2,50,4.7,52.2,68.2,7.6,1,,MeyeJa01
27,Jakobi Meyers,29,LVR,WR,7,6,49,33,352,10.7,0,15,59.2,45,4.7,50.3,67.3,7.2,0,,MeyeJa01
27,Jakobi Meyers,29,JAX,WR,9,7,61,42,483,11.5,3,28,57.4,50,4.7,53.7,68.9,7.9,1,,MeyeJa01
28,Courtland Sutton,30,DEN,WR,17,16,124,74,1017,13.7,7,52,54.0,52,4.4,59.8,59.7,8.2,0,PB,SuttCo00
29,Kenneth Gainwell,26,PIT,RB,17,2,85,73,486,6.7,3,23,40.0,45,4.3,28.6,85.9,5.7,2,,GainKe00
30,Harold Fannin,21,CLE,TE,16,13,107,72,731,10.2,6,32,41.1,35,4.5,45.7,67.3,6.8,1,,FannHa00
31,Deebo Samuel,29,WAS,WR,16,12,99,72,727,10.1,5,32,53.5,41,4.5,45.4,72.7,7.3,3,,SamuDe00
32,Khalil Shakir,25,BUF,WR,16,10,95,72,719,10.0,4,28,45.3,54,4.5,44.9,75.8,7.6,1,,ShakKh00
33,Nico Collins,26,HOU,WR,15,15,120,71,1117,15.7,6,48,49.2,57,4.7,74.5,59.2,9.3,1,PB,CollNi00
34,Tetairoa McMillan,22,CAR,WR,17,17,122,70,1014,14.5,7,55,51.6,43,4.1,59.6,57.4,8.3,1,AP ORoY-1,McMiTe00
35,Chase Brown,25,CIN,RB,17,17,88,69,437,6.3,5,18,44.3,23,4.1,25.7,78.4,5.0,2,,BrowCh10
36,Drake London,24,ATL,WR,12,12,112,68,919,13.5,7,46,56.3,43,5.7,76.6,60.7,8.2,1,,LondDr00
37,De'Von Achane,24,MIA,RB,16,16,85,67,488,7.3,4,23,43.5,29,4.2,30.5,78.8,5.7,1,PB,AchaDe00
38,Ladd McConkey,24,LAC,WR,16,12,106,66,789,12.0,6,35,50.0,58,4.1,49.3,62.3,7.4,0,,McCoLa00
39,Troy Franklin,22,DEN,WR,17,7,104,65,709,10.9,6,32,48.1,48,3.8,41.7,62.5,6.8,1,,FranTr00
40,Jameson Williams,24,DET,WR,17,15,102,65,1117,17.2,7,47,52.0,64,3.8,65.7,63.7,11.0,0,,WillJa11
41,Brock Bowers,23,LVR,TE,12,8,86,64,680,10.6,7,36,60.5,38,5.3,56.7,74.4,7.9,0,PB,BoweBr01
42,Jaylen Waddle,27,MIA,WR,16,16,100,64,910,14.2,6,48,58.0,46,4.0,56.9,64.0,9.1,1,,WaddJa00
43,Emeka Egbuka,23,TAM,WR,17,13,127,63,938,14.9,6,34,40.9,77,3.7,55.2,49.6,7.4,0,AP ORoY-5,EgbuEm01
44,Davante Adams,33,LAR,WR,14,14,114,60,789,13.2,14,51,52.6,44,4.3,56.4,52.6,6.9,0,,AdamDa01
45,Dallas Goedert,30,PHI,TE,15,15,82,60,591,9.9,11,33,58.5,36,4.0,39.4,73.2,7.2,0,,GoedDa00
46,Hunter Henry,31,NWE,TE,17,17,87,60,768,12.8,7,42,59.8,36,3.5,45.2,69.0,8.8,0,,HenrHu00
47,Tee Higgins,26,CIN,WR,15,14,98,59,846,14.3,11,41,55.1,44,3.9,56.4,60.2,8.6,0,PB,HiggTe00
48,D.K. Metcalf,28,PIT,WR,15,15,99,59,850,14.4,6,37,52.5,80,3.9,56.7,59.6,8.6,0,,MetcDK00
49,Cade Otton,26,TAM,TE,16,16,81,59,572,9.7,1,25,51.9,27,3.7,35.8,72.8,7.1,0,,OttoCa00
50,Rashid Shaheed,27,2TM,WR,18,13,92,59,687,11.6,2,29,45.7,87,3.3,38.2,64.1,7.5,2,PB,ShahRa00
50,Rashid Shaheed,27,NOR,WR,9,9,66,44,499,11.3,2,22,43.9,87,4.9,55.4,66.7,7.6,1,,ShahRa00
50,Rashid Shaheed,27,SEA,WR,9,4,26,15,188,12.5,0,7,50.0,33,1.7,20.9,57.7,7.2,1,,ShahRa00
51,Josh Downs,24,IND,WR,16,11,88,58,566,9.8,4,36,50.0,34,3.6,35.4,65.9,6.4,1,,DownJo00
52,Colston Loveland,21,CHI,TE,16,11,82,58,713,12.3,6,36,56.1,58,3.6,44.6,70.7,8.7,0,,LoveCo00
53,Parker Washington,23,JAX,WR,16,7,95,58,847,14.6,5,37,53.7,63,3.6,52.9,61.1,8.9,2,,WashPa01
54,George Kittle,32,SFO,TE,11,11,69,57,628,11.0,7,38,68.1,33,5.2,57.1,82.6,9.1,0,PB,KittGe00
55,Tre Tucker,24,LVR,WR,17,17,92,57,696,12.2,5,32,46.7,61,3.4,40.9,62.0,7.6,0,,TuckTr00
56,Chig Okonkwo,26,TEN,TE,17,12,79,56,560,10.0,2,24,45.6,43,3.3,32.9,70.9,7.1,0,,OkonCh00
57,Romeo Doubs,25,GNB,WR,16,15,85,55,724,13.2,6,41,58.8,48,3.4,45.3,64.7,8.5,1,,DoubRo00
58,Ashton Jeanty,22,LVR,RB,17,17,73,55,346,6.3,5,13,45.2,60,3.2,20.4,75.3,4.7,2,,JeanAs00
59,Jauan Jennings,28,SFO,WR,15,15,90,55,643,11.7,9,36,54.4,42,3.7,42.9,61.1,7.1,1,,JennJa00
60,Rashee Rice,25,KAN,WR,8,8,78,53,571,10.8,5,28,53.8,47,6.6,71.4,67.9,7.3,2,,RiceRa01
61,AJ Barner,23,SEA,TE,17,17,68,52,519,10.0,6,26,63.2,61,3.1,30.5,76.5,7.6,2,,BarnAJ00
62,T.J. Hockenson,28,MIN,TE,15,15,66,51,438,8.6,3,22,48.5,29,3.4,29.2,77.3,6.6,0,,HockTJ00
63,Quentin Johnston,24,LAC,WR,14,10,84,51,735,14.4,8,27,46.4,60,3.6,52.5,60.7,8.8,1,,JohnQu02
64,Evan Engram,31,DEN,TE,16,2,76,50,461,9.2,1,19,43.4,41,3.1,28.8,65.8,6.1,0,,EngrEv00
65,Zach Ertz,35,WAS,TE,13,13,72,50,504,10.1,4,25,51.4,30,3.8,38.8,69.4,7.0,1,,ErtzZa00
66,Jerry Jeudy,26,CLE,WR,17,16,106,50,602,12.0,2,31,36.8,60,2.9,35.4,47.2,5.7,1,,JeudJe00
67,D.J. Moore,28,CHI,WR,17,17,85,50,682,13.6,6,32,47.1,46,2.9,40.1,58.8,8.0,1,,MoorD.00
68,Marquise Brown,28,KAN,WR,16,6,74,49,587,12.0,5,29,54.1,51,3.1,36.7,66.2,7.9,1,,BrowMa04
69,Oronde Gadsden II,22,LAC,TE,15,7,69,49,664,13.6,3,28,66.7,53,3.3,44.3,71.0,9.6,1,,GadsOr01
70,Mark Andrews,30,BAL,TE,17,11,70,48,422,8.8,5,24,52.9,27,2.8,24.8,68.6,6.0,1,,AndrMa00
71,Chimere Dike,24,TEN,WR,17,10,74,48,423,8.8,4,20,43.2,38,2.8,24.9,64.9,5.7,2,PBAP-1,DikeCh00
72,Brian Thomas,23,JAX,WR,14,14,91,48,707,14.7,2,33,47.3,46,3.4,50.5,52.7,7.8,0,,ThomBr06
73,Luther Burden,22,CHI,WR,15,5,60,47,652,13.9,2,27,60.0,65,3.1,43.5,78.3,10.9,0,,BurdLu00
74,RJ Harvey,24,DEN,RB,17,7,58,47,356,7.6,5,18,50.0,32,2.8,20.9,81.0,6.1,1,,HarvRJ00
75,Cooper Kupp,32,SEA,WR,16,15,70,47,593,12.6,2,26,58.6,67,2.9,37.1,67.1,8.5,1,,KuppCo00
76,Alec Pierce,25,IND,WR,15,14,84,47,1003,21.3,6,41,54.8,66,3.1,66.9,56.0,11.9,0,,PierAl00
77,Mack Hollins,32,NWE,WR,15,13,65,46,550,12.0,2,28,66.2,54,3.1,36.7,70.8,8.5,1,,HollMa00
78,Brenton Strange,25,JAX,TE,12,12,60,46,540,11.7,3,28,65.0,30,3.8,45.0,76.7,9.0,0,,StraBr00
79,Jonathan Taylor,26,IND,RB,17,17,55,46,378,8.2,2,15,54.5,43,2.7,22.2,83.6,6.9,2,PB,TaylJo02
80,Malik Washington,24,MIA,WR,17,6,65,46,317,6.9,3,16,38.5,28,2.7,18.6,70.8,4.9,1,,WashMa00
81,Theo Johnson,24,NYG,TE,15,15,74,45,528,11.7,5,25,40.5,42,3.0,35.2,60.8,7.1,0,,JohnTh00
82,Tyjae Spears,24,TEN,RB,13,1,50,45,264,5.9,0,10,38.0,34,3.5,20.3,90.0,5.3,0,,SpeaTy00
83,Gunnar Helm,23,TEN,TE,16,10,55,44,357,8.1,2,17,54.5,34,2.8,22.3,80.0,6.5,0,,HelmGu00
84,Rome Odunze,23,CHI,WR,12,12,90,44,661,15.0,6,37,45.6,37,3.7,55.1,48.9,7.3,0,,OdunRo00
85,Mason Taylor,21,NYJ,TE,13,11,65,44,369,8.4,1,23,52.3,27,3.4,28.4,67.7,5.7,0,,TaylMa02
86,Colby Parkinson,26,LAR,TE,15,10,56,43,408,9.5,8,24,64.3,26,2.9,27.2,76.8,7.3,1,,ParkCo02
87,Jordan Addison,23,MIN,WR,14,12,79,42,610,14.5,3,26,48.1,81,3.0,43.6,53.2,7.7,0,,AddiJo00
88,Xavier Worthy,22,KAN,WR,14,13,73,42,532,12.7,1,22,49.3,42,3.0,38.0,57.5,7.3,0,,WortXa00
89,Elic Ayomanor,22,TEN,WR,16,14,89,41,515,12.6,4,30,40.4,39,2.6,32.2,46.1,5.8,0,,AyomEl00
90,Pat Freiermuth,27,PIT,TE,17,8,54,41,486,11.9,4,21,53.7,68,2.4,28.6,75.9,9.0,0,,FreiPa00
91,Marvin Harrison Jr.,23,ARI,WR,12,10,73,41,608,14.8,4,30,52.1,45,3.4,50.7,56.2,8.3,0,,HarrMa09
92,Jayden Higgins,23,HOU,WR,17,10,68,41,525,12.8,6,28,50.0,75,2.4,30.9,60.3,7.7,0,,HiggJa00
93,Ryan Flournoy,26,DAL,WR,16,4,56,40,475,11.9,4,29,58.9,46,2.5,29.7,71.4,8.5,0,,FlouRy00
94,Sam LaPorta,24,DET,TE,9,9,49,40,489,12.2,3,23,69.4,40,4.4,54.3,81.6,10.0,0,,LaPoSa01
95,Jaylen Warren,27,PIT,RB,16,15,45,40,333,8.3,2,13,55.6,65,2.5,20.8,88.9,7.4,1,,WarrJa01
96,Rachaad White,26,TAM,RB,17,8,45,40,218,5.5,0,10,40.0,18,2.4,12.8,88.9,4.8,0,,WhitRa01
97,Rico Dowdle,27,CAR,RB,17,11,50,39,297,7.6,1,14,46.0,36,2.3,17.5,78.0,5.9,2,,DowdRi01
98,Dalton Kincaid,26,BUF,TE,12,4,49,39,571,14.6,5,27,67.3,47,3.3,47.6,79.6,11.7,1,PB,KincDa00
99,Sterling Shepard,32,TAM,WR,13,2,53,39,371,9.5,1,18,45.3,36,3.0,28.5,73.6,7.0,1,,ShepSt00
100,Olamide Zaccheaus,28,CHI,WR,16,5,65,39,313,8.0,2,15,43.1,27,2.4,19.6,60.0,4.8,0,,ZaccOl01
101,Keon Coleman,22,BUF,WR,13,6,59,38,404,10.6,4,26,61.0,37,2.9,31.1,64.4,6.8,1,,ColeKe02
102,Terry McLaurin,30,WAS,WR,10,10,60,38,582,15.3,3,33,61.7,56,3.8,58.2,63.3,9.7,0,,McLaTe00
103,Jonnu Smith,30,PIT,TE,17,7,54,38,222,5.8,2,10,44.4,21,2.2,13.1,70.4,4.1,1,,SmitJo01
104,Saquon Barkley,28,PHI,RB,16,16,50,37,273,7.4,2,11,34.0,47,2.3,17.1,74.0,5.5,1,,BarkSa00
105,Kendrick Bourne,30,SFO,WR,16,8,53,37,551,14.9,0,27,64.2,56,2.3,34.4,69.8,10.4,0,,BourKe00
106,Marvin Mims,23,DEN,WR,15,4,51,37,322,8.7,1,14,43.1,31,2.5,21.5,72.5,6.3,2,,MimsMa00
107,Darius Slayton,28,NYG,WR,14,12,63,37,538,14.5,1,23,54.0,52,2.6,38.4,58.7,8.5,1,,SlayDa01
108,Travis Etienne,26,JAX,RB,17,16,52,36,292,8.1,6,14,48.1,45,2.1,17.2,69.2,5.6,1,,EtieTr00
109,Breece Hall,24,NYJ,RB,16,16,48,36,350,9.7,1,13,54.2,42,2.3,21.9,75.0,7.3,2,,HallBr03
110,Josh Jacobs,27,GNB,RB,15,15,44,36,282,7.8,1,8,52.3,31,2.4,18.8,81.8,6.4,3,,JacoJo01
111,Dawson Knox,29,BUF,TE,17,12,49,36,417,11.6,4,23,61.2,32,2.1,24.5,73.5,8.5,0,,KnoxDa00
112,Ricky Pearsall,25,SFO,WR,9,9,53,36,528,14.7,0,28,60.4,45,4.0,58.7,67.9,10.0,0,,PearRi00
113,Tyrone Tracy Jr.,26,NYG,RB,15,11,48,36,288,8.0,2,14,47.9,42,2.4,19.2,75.0,6.0,1,,TracTy00
114,Kyren Williams,25,LAR,RB,17,17,50,36,281,7.8,3,12,52.0,30,2.1,16.5,72.0,5.6,2,,WillKy02
115,Garrett Wilson,25,NYJ,WR,7,7,59,36,395,11.0,4,18,45.8,33,5.1,56.4,61.0,6.7,1,,WilsGa00
116,TreVeyon Henderson,23,NWE,RB,17,4,42,35,221,6.3,1,7,47.6,19,2.1,13.0,83.3,5.3,1,AP ORoY-3,HendTr02
117,Xavier Hutchinson,25,HOU,WR,17,6,57,35,428,12.2,3,19,49.1,33,2.1,25.2,61.4,7.5,0,,HutcXa00
118,Xavier Legette,24,CAR,WR,15,12,64,35,363,10.4,3,18,39.1,36,2.3,24.2,54.7,5.7,1,,LegeXa00
119,Michael Mayer,24,LVR,TE,13,12,50,35,328,9.4,1,18,46.0,23,2.7,25.2,70.0,6.6,1,,MayeMi00
120,Christian Watson,26,GNB,WR,10,10,55,35,611,17.5,6,28,61.8,52,3.5,61.1,63.6,11.1,0,,WatsCh00
121,Javonte Williams,25,DAL,RB,16,16,51,35,137,3.9,2,7,33.3,14,2.2,8.6,68.6,2.7,2,,WillJa10
122,Noah Fant,28,CIN,TE,15,7,41,34,288,8.5,3,13,63.4,25,2.3,19.2,82.9,7.0,3,,FantNo00
123,D'Andre Swift,26,CHI,RB,16,16,48,34,299,8.8,1,11,37.5,55,2.1,18.7,70.8,6.2,2,,SwifDA00
124,Jake Tonges,26,SFO,TE,17,2,46,34,293,8.6,5,21,60.9,23,2.0,17.2,73.9,6.4,0,,TongJa00
125,Kayshon Boutte,23,NWE,WR,14,10,46,33,551,16.7,6,27,69.6,39,2.4,39.4,71.7,12.0,0,,BoutKa00
126,Michael Carter,26,ARI,RB,13,5,45,33,267,8.1,0,12,57.8,18,2.5,20.5,73.3,5.9,0,,CartMi03
127,Jalen Coker,24,CAR,WR,11,3,43,33,394,11.9,3,22,67.4,34,3.0,35.8,76.7,9.2,1,,CokeJa01
128,James Cook,26,BUF,RB,17,17,40,33,291,8.8,2,11,50.0,51,1.9,17.1,82.5,7.3,6,PBAP-2,CookJa01
129,Chris Godwin,29,TAM,WR,9,6,51,33,360,10.9,2,21,51.0,59,3.7,40.0,64.7,7.1,0,,GodwCh00
130,Andrei Iosivas,26,CIN,WR,17,9,58,33,435,13.2,2,24,44.8,37,1.9,25.6,56.9,7.5,0,,IosiAn00
131,Alvin Kamara,30,NOR,RB,11,11,39,33,186,5.6,0,7,33.3,26,3.0,16.9,84.6,4.8,2,,KamaAl00
132,David Njoku,29,CLE,TE,12,11,48,33,293,8.9,4,11,45.8,23,2.8,24.4,68.8,6.1,0,,NjokDa00
133,Tony Pollard,28,TEN,RB,17,17,41,33,206,6.2,0,11,43.9,29,1.9,12.1,80.5,5.0,4,,PollTo00
134,Dylan Sampson,21,CLE,RB,15,2,40,33,271,8.2,2,8,55.0,66,2.2,18.1,82.5,6.8,1,,SampDy00
135,JuJu Smith-Schuster,29,KAN,WR,17,12,45,33,345,10.5,1,19,62.2,30,1.9,20.3,73.3,7.7,0,,SmitJu00
136,John Metchie,25,2TM,WR,16,7,48,33,274,8.3,2,15,43.8,22,2.1,17.1,68.8,5.7,0,,MetcJo00
136,John Metchie,25,PHI,WR,7,0,4,4,18,4.5,0,2,75.0,8,0.6,2.6,100.0,4.5,0,,MetcJo00
136,John Metchie,25,NYJ,WR,9,7,44,29,256,8.8,2,13,40.9,22,3.2,28.4,65.9,5.8,0,,MetcJo00
137,Adonai Mitchell,23,2TM,WR,16,5,74,33,453,13.7,2,15,36.5,75,2.1,28.3,44.6,6.1,1,,MitcAd00
137,Adonai Mitchell,23,IND,WR,8,1,16,9,152,16.9,0,2,37.5,75,1.1,19.0,56.3,9.5,1,,MitcAd00
137,Adonai Mitchell,23,NYJ,WR,8,4,58,24,301,12.5,2,13,36.2,52,3.0,37.6,41.4,5.2,0,,MitcAd00
138,Omarion Hampton,22,LAC,RB,9,6,35,32,192,6.0,1,7,51.4,22,3.6,21.3,91.4,5.5,1,,HampOm00
139,Tucker Kraft,25,GNB,TE,8,8,44,32,489,15.3,6,22,63.6,59,4.0,61.1,72.7,11.1,0,,KrafTu00
140,Darnell Mooney,28,ATL,WR,15,15,72,32,443,13.8,1,25,38.9,49,2.1,29.5,44.4,6.2,2,,MoonDa00
141,Rhamondre Stevenson,27,NWE,RB,14,13,37,32,345,10.8,2,11,59.5,55,2.3,24.6,86.5,9.3,3,,StevRh00
142,Tyler Lockett,33,2TM,WR,17,2,55,32,291,9.1,1,14,40.0,33,1.9,17.1,58.2,5.3,0,,LockTy00
142,Tyler Lockett,33,TEN,WR,7,1,21,10,70,7.0,0,3,33.3,16,1.4,10.0,47.6,3.3,0,,LockTy00
142,Tyler Lockett,33,LVR,WR,10,1,34,22,221,10.0,1,11,44.1,33,2.2,22.1,64.7,6.5,0,,LockTy00
143,Calvin Austin III,26,PIT,WR,14,7,55,31,372,12.0,3,15,43.6,31,2.2,26.6,56.4,6.8,0,,AustCa00
144,Pat Bryant,23,DEN,WR,15,7,49,31,378,12.2,1,22,55.1,48,2.1,25.2,63.3,7.7,0,,BryaPa00
145,DeMario Douglas,25,NWE,WR,17,0,46,31,447,14.4,3,17,56.5,58,1.8,26.3,67.4,9.7,0,,DougDe00
146,Kenneth Walker III,25,SEA,RB,17,17,36,31,282,9.1,0,12,44.4,46,1.8,16.6,86.1,7.8,1,,WalkKe00
147,Darnell Washington,24,PIT,TE,16,13,43,31,364,11.7,1,16,60.5,36,1.9,22.8,72.1,8.5,2,,WashDa03
148,Mike Evans,32,TAM,WR,8,8,62,30,368,12.3,3,23,46.8,45,3.8,46.0,48.4,5.9,0,,EvanMi00
149,Tre Harris,23,LAC,WR,17,10,43,30,324,10.8,1,18,60.5,37,1.8,19.1,69.8,7.5,0,,HarrTr03
150,Elijah Higgins,25,ARI,TE,17,10,37,30,301,10.0,0,15,48.6,27,1.8,17.7,81.1,8.1,1,,HiggEl00
151,Chuba Hubbard,26,CAR,RB,15,6,39,30,223,7.4,3,12,38.5,35,2.0,14.9,76.9,5.7,1,,HubbCh01
152,Bucky Irving,23,TAM,RB,10,9,35,30,277,9.2,3,11,48.6,72,3.0,27.7,85.7,7.9,1,,IrviBu00
153,Cole Kmet,26,CHI,TE,16,15,48,30,347,11.6,2,17,50.0,31,1.9,21.7,62.5,7.2,0,,KmetCo00
154,Dontayvion Wicks,24,GNB,WR,14,7,46,30,332,11.1,2,21,65.2,30,2.1,23.7,65.2,7.2,0,,WickDo00
155,Greg Dortch,27,ARI,WR,12,3,33,29,206,7.1,3,10,42.4,39,2.4,17.2,87.9,6.2,1,,DortGr01
156,Matthew Golden,22,GNB,WR,14,5,44,29,361,12.4,0,16,47.7,46,2.1,25.8,65.9,8.2,0,,GoldMa02
157,Van Jefferson,29,TEN,WR,16,7,52,29,350,12.1,1,17,50.0,43,1.8,21.9,55.8,6.7,0,,JeffVa00
158,Jalen Nailor,26,MIN,WR,17,8,53,29,444,15.3,4,23,49.1,62,1.7,26.1,54.7,8.4,0,,NailJa00
159,Ja'Tavion Sanders,22,CAR,TE,13,5,34,29,190,6.6,1,8,55.9,18,2.2,14.6,85.3,5.6,0,,SandJa01
160,Mike Gesicki,30,CIN,TE,13,2,42,28,307,11.0,2,19,61.9,37,2.2,23.6,66.7,7.3,0,,GesiMi00
161,Travis Hunter,22,JAX,WR,7,4,45,28,298,10.6,1,12,40.0,44,4.0,42.6,62.2,6.6,1,,HuntTr00
162,Tez Johnson,23,TAM,WR,16,8,44,28,322,11.5,5,16,50.0,45,1.8,20.1,63.6,7.3,0,,JohnTe03
163,Aaron Jones,31,MIN,RB,12,12,41,28,199,7.1,1,9,41.5,27,2.3,16.6,68.3,4.9,2,,JoneAa00
164,Christian Kirk,29,HOU,WR,13,3,52,28,239,8.5,1,12,32.7,47,2.2,18.4,53.8,4.6,0,,KirkCh01
165,Isaiah Likely,25,BAL,TE,14,7,36,27,307,11.4,1,11,55.6,43,1.9,21.9,75.0,8.5,2,,LikeIs00
166,Tommy Tremble,25,CAR,TE,17,16,37,27,249,9.2,2,10,56.8,54,1.6,14.6,73.0,6.7,0,,TremTo00
167,Greg Dulcich,25,MIA,TE,10,3,33,26,335,12.9,1,14,66.7,29,2.6,33.5,78.8,10.2,1,,DulcGr00
168,Jerome Ford,26,CLE,RB,13,0,32,26,103,4.0,0,4,34.4,17,2.0,7.9,81.3,3.2,0,,FordJe00
169,Quinshon Judkins,22,CLE,RB,14,14,36,26,171,6.6,0,7,33.3,58,1.9,12.2,72.2,4.8,0,,JudkQu00
170,Jaylin Noel,23,HOU,WR,17,3,35,26,292,11.2,2,13,48.6,44,1.5,17.2,74.3,8.3,0,,NoelJa00
171,KaVontae Turpin,29,DAL,WR,15,2,38,26,396,15.2,2,16,52.6,86,1.7,26.4,68.4,10.4,1,PBAP-2,TurpKa00
172,Isaiah Williams,24,NYJ,WR,15,2,36,26,193,7.4,0,10,47.2,25,1.7,12.9,72.2,5.4,1,,WillIs03
173,Tyler Higbee,32,LAR,TE,10,8,36,25,281,11.2,3,17,58.3,24,2.5,28.1,69.4,7.8,0,,HigbTy00
174,Jeremy McNichols,30,WAS,RB,17,1,31,25,196,7.8,0,10,45.2,24,1.5,11.5,80.6,6.3,1,,McNiJe00
175,Brashard Smith,22,KAN,RB,17,1,35,25,172,6.9,1,7,57.1,17,1.5,10.1,71.4,4.9,1,,SmitBr09
176,Devaughn Vele,28,NOR,WR,13,7,39,25,293,11.7,2,19,59.0,17,1.9,22.5,64.1,7.5,0,,VeleDe00
177,Davis Allen,24,LAR,TE,17,5,33,24,208,8.7,3,12,60.6,27,1.4,12.2,72.7,6.3,0,,AlleDa02
178,Ty Johnson,28,BUF,RB,17,0,33,24,263,11.0,2,11,45.5,52,1.4,15.5,72.7,8.0,1,,JohnTy02
179,Kyle Juszczyk,34,SFO,FB,17,17,28,24,213,8.9,2,10,78.6,25,1.4,12.5,85.7,7.6,0,PBAP-1,JuszKy00
180,Woody Marks,25,HOU,RB,16,8,36,24,208,8.7,3,7,38.9,50,1.5,13.0,66.7,5.8,1,,MarkWo00
181,David Montgomery,28,DET,RB,17,0,29,24,192,8.0,0,11,55.2,23,1.4,11.3,82.8,6.6,2,,MontDa01
182,Luke Musgrave,25,GNB,TE,17,10,31,24,252,10.5,0,11,58.1,26,1.4,14.8,77.4,8.1,1,,MusgLu00
183,Kalif Raymond,31,DET,WR,15,3,30,24,289,12.0,1,14,63.3,30,1.6,19.3,80.0,9.6,0,,RaymKa00
184,Cam Skattebo,23,NYG,RB,8,5,32,24,207,8.6,2,11,56.3,21,3.0,25.9,75.0,6.5,1,,SkatCa00
185,Darren Waller,33,MIA,TE,9,3,34,24,283,11.8,6,19,64.7,34,2.7,31.4,70.6,8.3,0,,WallDa01
186,Brandin Cooks,32,2TM,WR,15,5,36,24,279,11.6,0,14,61.1,50,1.6,18.6,66.7,7.8,0,,CookBr00
186,Brandin Cooks,32,NOR,WR,10,3,25,19,165,8.7,0,10,68.0,21,1.9,16.5,76.0,6.6,0,,CookBr00
186,Brandin Cooks,32,BUF,WR,5,2,11,5,114,22.8,0,4,45.5,50,1.0,22.8,45.5,10.4,0,,CookBr00
187,Jeremy Ruckert,25,NYJ,TE,17,15,29,23,179,7.8,1,8,48.3,24,1.4,10.5,79.3,6.2,0,,RuckJe00
188,DeAndre Hopkins,33,BAL,WR,17,3,39,22,330,15.0,2,15,51.3,41,1.3,19.4,56.4,8.5,0,,HopkDe00
189,Zonovan Knight,24,ARI,RB,12,8,31,22,160,7.3,1,10,48.4,20,1.8,13.3,71.0,5.2,1,,KnigZo00
190,Josh Palmer,26,BUF,WR,12,8,37,22,303,13.8,0,14,45.9,45,1.8,25.3,59.5,8.2,0,,PalmJo00
191,Demarcus Robinson,31,SFO,WR,14,2,35,22,276,12.5,1,15,51.4,31,1.6,19.7,62.9,7.9,0,,RobiDe01
192,Isaiah Davis,23,NYJ,RB,16,0,28,21,186,8.9,0,8,46.4,26,1.3,11.6,75.0,6.6,0,,DaviIs00
193,Noah Gray,26,KAN,TE,16,6,37,21,178,8.5,0,9,32.4,28,1.3,11.1,56.8,4.8,0,,GrayNo00
194,Justice Hill,28,BAL,RB,10,0,27,21,169,8.0,1,6,37.0,37,2.1,16.9,77.8,6.3,1,,HillJu00
195,Tyreek Hill,31,MIA,WR,4,4,29,21,265,12.6,1,17,69.0,47,5.3,66.3,72.4,9.1,0,,HillTy00
196,Austin Hooper,31,NWE,TE,16,6,26,21,263,12.5,2,13,76.9,31,1.3,16.4,80.8,10.1,0,,HoopAu00
197,Cedric Tillman,25,CLE,WR,13,10,39,21,270,12.9,2,13,43.6,42,1.6,20.8,53.8,6.9,0,,TillCe01
198,Jack Bech,23,LVR,WR,16,5,29,20,224,11.2,0,11,58.6,37,1.3,14.0,69.0,7.7,0,,BechJa00
199,Dyami Brown,26,JAX,WR,14,6,37,20,227,11.4,1,13,43.2,39,1.4,16.2,54.1,6.1,1,,BrowDy00
200,Zach Charbonnet,24,SEA,RB,16,0,24,20,144,7.2,0,7,41.7,21,1.3,9.0,83.3,6.0,0,,CharZa00
201,Adam Trautman,28,DEN,TE,17,12,23,20,195,9.8,1,11,73.9,26,1.2,11.5,87.0,8.5,0,,TrauAd00
202,Tyler Badie,25,DEN,RB,16,0,31,19,141,7.4,0,9,38.7,19,1.2,8.8,61.3,4.5,0,,BadiTy00
203,Rashod Bateman,26,BAL,WR,13,12,38,19,224,11.8,2,12,42.1,36,1.5,17.2,50.0,5.9,0,,BateRa00
204,Daniel Bellinger,25,NYG,TE,16,10,26,19,286,15.1,2,14,69.2,44,1.2,17.9,73.1,11.0,0,,BellDa00
205,Mitchell Evans,22,CAR,TE,17,10,25,19,171,9.0,2,9,68.0,25,1.1,10.1,76.0,6.8,0,,EvanMi01
206,Tanner Hudson,31,CIN,TE,15,1,24,19,168,8.8,2,8,58.3,33,1.3,11.2,79.2,7.0,0,,HudsTa00
207,Isiah Pacheco,26,KAN,RB,13,12,26,19,101,5.3,1,4,30.8,31,1.5,7.8,73.1,3.9,0,,PachIs00
208,Jayden Reed,25,GNB,WR,7,3,22,19,207,10.9,1,8,50.0,31,2.7,29.6,86.4,9.4,0,,ReedJa03
209,Tyquan Thornton,25,KAN,WR,14,4,37,19,438,23.1,3,15,48.6,61,1.4,31.3,51.4,11.8,0,,ThorTy00
210,Adam Thielen,35,2TM,WR,16,7,35,19,186,9.8,0,10,45.7,28,1.2,11.6,54.3,5.3,0,,ThieAd00
210,Adam Thielen,35,MIN,WR,11,4,18,8,69,8.6,0,6,44.4,19,0.7,6.3,44.4,3.8,0,,ThieAd00
210,Adam Thielen,35,PIT,WR,5,3,17,11,117,10.6,0,4,47.1,28,2.2,23.4,64.7,6.9,0,,ThieAd00
211,Isaiah Bond,21,CLE,WR,16,2,44,18,338,18.8,0,11,31.8,52,1.1,21.1,40.9,7.7,0,,BondIs00
212,Jahan Dotson,25,PHI,WR,17,10,36,18,262,14.6,1,8,33.3,51,1.1,15.4,50.0,7.3,0,,DotsJa00
213,Kareem Hunt,30,KAN,RB,17,4,25,18,143,7.9,1,8,44.0,22,1.1,8.4,72.0,5.7,2,,HuntKa00
214,Kyle Monangai,23,CHI,RB,17,1,30,18,164,9.1,0,7,36.7,34,1.1,9.6,60.0,5.5,0,,MonaKy00
215,Malik Nabers,22,NYG,WR,4,4,35,18,271,15.1,2,11,45.7,48,4.5,67.8,51.4,7.7,0,,NabeMa00
216,David Sills V,29,ATL,WR,17,4,36,18,191,10.6,2,9,38.9,21,1.1,11.2,50.0,5.3,0,,SillDa01
217,Devin Singletary,28,NYG,RB,17,1,19,18,151,8.4,0,4,47.4,41,1.1,8.9,94.7,7.9,0,,SingDe00
218,Xavier Smith,28,LAR,WR,16,3,24,18,303,16.8,0,11,70.8,51,1.1,18.9,75.0,12.6,0,,SmitXa00
219,Jalen Tolbert,26,DAL,WR,13,8,34,18,203,11.3,1,12,44.1,35,1.4,15.6,52.9,6.0,0,,TolbJa00
220,Jordan Whittington,25,LAR,WR,17,6,25,18,171,9.5,0,7,48.0,40,1.1,10.1,72.0,6.8,0,,WhitJo04
221,Devin Neal,22,NOR,RB,10,3,19,17,104,6.1,0,4,42.1,18,1.7,10.4,89.5,5.5,0,,NealDe00
222,Samaje Perine,30,CIN,RB,15,2,21,17,87,5.1,0,5,42.9,16,1.1,5.8,81.0,4.1,3,,PeriSa00
223,Calvin Ridley,31,TEN,WR,7,6,36,17,303,17.8,0,13,38.9,47,2.4,43.3,47.2,8.4,0,,RidlCa00
224,Ameer Abdullah,32,IND,RB,13,0,17,16,99,6.2,0,4,41.2,15,1.2,7.6,94.1,5.8,1,,AbduAm00
225,Jackson Hawes,25,BUF,TE,17,8,19,16,187,11.7,3,13,78.9,29,0.9,11.0,84.2,9.8,0,,HaweJa00
226,Jaylin Lane,23,WAS,WR,15,4,32,16,225,14.1,0,10,40.6,41,1.1,15.0,50.0,7.0,3,,LaneJa00
227,Isaac TeSlaa,23,DET,WR,17,3,27,16,239,14.9,6,14,55.6,29,0.9,14.1,59.3,8.9,0,,TeSlIs00
228,Kimani Vidal,24,LAC,RB,13,10,22,16,136,8.5,1,6,40.9,60,1.2,10.5,72.7,6.2,1,,VidaKi00
229,Elijah Arroyo,22,SEA,TE,13,4,26,15,179,11.9,1,7,38.5,32,1.2,13.8,57.7,6.9,1,,ArroEl00
230,Derrick Henry,31,BAL,RB,17,17,21,15,150,10.0,0,4,52.4,44,0.9,8.8,71.4,7.1,4,,HenrDe00
231,Julian Hill,25,MIA,TE,14,11,20,15,140,9.3,0,6,50.0,20,1.1,10.0,75.0,7.0,0,,HillJu02
232,Josh Oliver,28,MIN,TE,15,7,19,15,160,10.7,4,9,68.4,32,1.0,10.7,78.9,8.4,0,,OlivJo00
233,Tim Patrick,32,JAX,WR,16,3,24,15,187,12.5,3,10,54.2,37,0.9,11.7,62.5,7.8,0,,PatrTi00
234,Hunter Renfrow,30,CAR,WR,6,2,26,15,89,5.9,2,8,34.6,15,2.5,14.8,57.7,3.4,0,,RenfHu00
235,Drew Sample,29,CIN,TE,17,12,20,15,106,7.1,1,5,45.0,27,0.9,6.2,75.0,5.3,0,,SampDr00
236,Tyrell Shavers,26,BUF,WR,17,9,23,15,245,16.3,1,11,65.2,43,0.9,14.4,65.2,10.7,0,,ShavTy00
237,Emanuel Wilson,26,GNB,RB,17,2,17,15,99,6.6,0,5,52.9,25,0.9,5.8,88.2,5.8,1,,WilsEm00
238,Tyler Allgeier,25,ATL,RB,17,2,16,14,96,6.9,0,3,56.3,31,0.8,5.6,87.5,6.0,0,,AllgTy00
239,Jordan Mason,26,MIN,RB,16,5,16,14,51,3.6,0,1,31.3,13,0.9,3.2,87.5,3.2,3,,MasoJo00
240,Luke Schoonmaker,27,DAL,TE,17,7,23,14,132,9.4,0,7,47.8,29,0.8,7.8,60.9,5.7,0,,SchoLu00
241,Zavier Scott,26,MIN,RB,16,0,16,14,98,7.0,1,7,56.3,20,0.9,6.1,87.5,6.1,2,,ScotZa00
242,Brycen Tremayne,26,CAR,WR,16,1,18,14,160,11.4,0,7,66.7,26,0.9,10.0,77.8,8.9,1,,TremBr00
243,Brock Wright,27,DET,TE,11,8,22,14,108,7.7,2,7,45.5,20,1.3,9.8,63.6,4.9,0,,WrigBr01
244,Marquez Valdes-Scantling,31,2TM,WR,10,1,29,14,120,8.6,1,6,37.9,19,1.4,12.0,48.3,4.1,1,,ValdMa00
244,Marquez Valdes-Scantling,31,SFO,WR,5,0,8,4,40,10.0,0,1,37.5,19,0.8,8.0,50.0,5.0,0,,ValdMa00
244,Marquez Valdes-Scantling,31,PIT,WR,5,1,21,10,80,8.0,1,5,38.1,19,2.0,16.0,47.6,3.8,1,,ValdMa00
245,Mo Alie-Cox,32,IND,TE,17,6,20,13,117,9.0,1,4,50.0,20,0.8,6.9,65.0,5.9,0,,AlieMo00
246,Kevin Austin,25,NOR,WR,8,1,23,13,140,10.8,1,7,34.8,36,1.6,17.5,56.5,6.1,0,,AustKe00
247,Trey Benson,23,ARI,RB,4,1,16,13,64,4.9,0,2,37.5,12,3.3,16.0,81.3,4.0,0,,BensTr01
248,Chris Brooks,25,GNB,RB,17,0,17,13,91,7.0,0,3,35.3,16,0.8,5.4,76.5,5.4,0,,BrooCh00
249,Nick Chubb,30,HOU,RB,15,9,20,13,67,5.2,0,1,35.0,27,0.9,4.5,65.0,3.4,0,,ChubNi00
250,Emari Demercado,26,ARI,RB,13,0,20,13,101,7.8,1,3,25.0,34,1.0,7.8,65.0,5.1,1,,DemeEm00
251,Tory Horton,23,SEA,WR,8,3,22,13,161,12.4,5,7,45.5,25,1.6,20.1,59.1,7.3,0,,HortTo00
252,Hunter Luepke,25,DAL,RB,17,5,15,13,109,8.4,1,6,40.0,15,0.8,6.4,86.7,7.3,0,,LuepHu00
253,Ian Thomas,29,LVR,TE,15,10,13,13,114,8.8,0,5,76.9,20,0.9,7.6,100.0,8.8,0,,ThomIa00
254,Lil'Jordan Humphrey,27,2TM,WR,10,4,25,13,156,12.0,1,9,48.0,34,1.3,15.6,52.0,6.2,0,,HumpLi01
254,Lil'Jordan Humphrey,27,NYG,WR,3,2,10,4,55,13.8,0,2,30.0,34,1.3,18.3,40.0,5.5,0,,HumpLi01
254,Lil'Jordan Humphrey,27,DEN,WR,7,2,15,9,101,11.2,1,7,60.0,22,1.3,14.4,60.0,6.7,0,,HumpLi01
255,Gabe Davis,26,BUF,WR,6,5,18,12,129,10.8,1,8,55.6,22,2.0,21.5,66.7,7.2,0,,DaviGa01
256,Audric Estime,22,NOR,RB,7,1,13,12,103,8.6,0,3,69.2,19,1.7,14.7,92.3,7.9,0,,EstiAu00
257,John FitzPatrick,25,GNB,TE,15,4,15,12,72,6.0,1,4,66.7,11,0.8,4.8,80.0,4.8,0,,FitzJo00
258,Tyler Johnson,27,NYJ,WR,12,5,18,12,197,16.4,1,8,50.0,35,1.0,16.4,66.7,10.9,0,,JohnTy00
259,Zay Jones,30,ARI,WR,8,0,18,12,183,15.3,0,7,44.4,43,1.5,22.9,66.7,10.2,0,,JoneZa00
260,Hunter Long,27,JAX,TE,9,3,17,12,85,7.1,2,5,58.8,11,1.3,9.4,70.6,5.0,1,,LongHu00
261,Jalen McMillan,24,TAM,WR,4,2,15,12,178,14.8,0,8,66.7,33,3.0,44.5,80.0,11.9,0,,McMiJa01
262,Raheem Mostert,33,LVR,RB,12,0,12,12,70,5.8,0,6,58.3,18,1.0,5.8,100.0,5.8,0,,MostRa00
263,Cade Stover,25,HOU,TE,9,7,16,12,76,6.3,0,4,50.0,11,1.3,8.4,75.0,4.8,0,,StovCa00
264,Roman Wilson,24,PIT,WR,13,4,21,12,166,13.8,2,7,47.6,45,0.9,12.8,57.1,7.9,1,,WilsRo02
265,John Bates,28,WAS,TE,15,11,16,11,103,9.4,1,6,62.5,22,0.7,6.9,68.8,6.4,0,,BateJo00
266,Malachi Corley,23,CLE,WR,13,5,14,11,79,7.2,0,5,35.7,19,0.8,6.1,78.6,5.6,0,,CorlMa00
267,Will Dissly,29,LAC,TE,9,2,16,11,97,8.8,0,5,50.0,18,1.2,10.8,68.8,6.1,0,,DissWi00
268,J.K. Dobbins,27,DEN,RB,10,9,14,11,37,3.4,0,0,35.7,9,1.1,3.7,78.6,2.6,0,,DobbJK00
269,Luke Farrell,28,SFO,TE,17,4,14,11,85,7.7,2,6,71.4,11,0.6,5.0,78.6,6.1,1,,FarrLu00
270,Terrance Ferguson,22,LAR,TE,14,3,25,11,231,21.0,3,9,40.0,36,0.8,16.5,44.0,9.2,0,,FergTe00
271,Taysom Hill,35,NOR,TE,13,5,16,11,91,8.3,0,2,37.5,17,0.8,7.0,68.8,5.7,3,,HillTa00
272,Jimmy Horn,23,CAR,WR,13,0,15,11,108,9.8,0,4,46.7,34,0.8,8.3,73.3,7.2,0,,HornJi00
273,Luke McCaffrey,24,WAS,WR,9,0,15,11,203,18.5,3,6,66.7,50,1.2,22.6,73.3,13.5,0,,McCaLu00
274,Chris Moore,32,WAS,WR,14,5,23,11,207,18.8,1,10,47.8,44,0.8,14.8,47.8,9.0,0,,MoorCh00
275,Josh Reynolds,30,NYJ,WR,5,3,21,11,101,9.2,0,4,47.6,13,2.2,20.2,52.4,4.8,0,,ReynJo00
276,Ben Sinnott,23,WAS,TE,16,3,13,11,114,10.4,1,5,53.8,36,0.7,7.1,84.6,8.8,0,,SinnBe00
277,Mason Tipton,25,NOR,WR,14,3,17,11,76,6.9,0,4,41.2,12,0.8,5.4,64.7,4.5,1,,TiptMa00
278,Nick Westbrook-Ikhine,28,MIA,WR,15,3,20,11,89,8.1,0,8,40.0,18,0.7,5.9,55.0,4.5,0,,WestNi00
279,LeQuint Allen,21,JAX,RB,17,1,11,10,54,5.4,0,0,18.2,10,0.6,3.2,90.9,4.9,0,,AlleLe01
280,Treylon Burks,25,WAS,WR,8,3,22,10,130,13.0,1,7,40.9,37,1.3,16.3,45.5,5.9,0,,BurkTr00
281,Ray Davis,26,BUF,RB,17,0,13,10,86,8.6,2,7,61.5,21,0.6,5.1,76.9,6.6,0,AP-1,DaviRa04
282,Isaiah Hodgins,27,NYG,WR,7,5,19,10,115,11.5,1,6,47.4,30,1.4,16.4,52.6,6.1,0,,HodgIs00
283,Charlie Kolar,26,BAL,TE,17,7,15,10,142,14.2,2,9,66.7,23,0.6,8.4,66.7,9.5,0,,KolaCh00
284,Allen Lazard,30,NYJ,WR,10,2,18,10,70,7.0,1,4,38.9,10,1.0,7.0,55.6,3.9,0,,LazaAl00
285,Konata Mumpfield,23,LAR,WR,17,0,23,10,92,9.2,1,7,34.8,19,0.6,5.4,43.5,4.0,0,,MumpKo00
286,Dare Ogunbowale,31,HOU,RB,17,0,13,10,76,7.6,0,3,30.8,18,0.6,4.5,76.9,5.8,1,,OgunDa00
287,Gunner Olszewski,29,NYG,WR,16,1,13,10,145,14.5,1,7,69.2,28,0.6,9.1,76.9,11.2,1,,OlszGu00
288,Dont'e Thornton,23,LVR,WR,15,8,30,10,135,13.5,0,7,26.7,36,0.7,9.0,33.3,4.5,0,,ThorDo00
289,Jamari Thrash,25,CLE,WR,9,1,15,10,107,10.7,0,5,53.3,23,1.1,11.9,66.7,7.1,0,,ThraJa01
290,Bhayshul Tuten,22,JAX,RB,15,0,14,10,79,7.9,2,3,50.0,24,0.7,5.3,71.4,5.6,2,,TuteBh00
291,Kyle Williams,23,NWE,WR,17,0,21,10,209,20.9,3,7,42.9,72,0.6,12.3,47.6,10.0,0,,WillKy03
292,Savion Williams,24,GNB,WR,12,0,10,10,78,7.8,1,3,50.0,33,0.8,6.5,100.0,7.8,1,,WillSa01
293,Rasheen Ali,24,BAL,RB,15,0,11,9,68,7.6,1,2,27.3,30,0.6,4.5,81.8,6.2,0,,AlixRa00
294,Grant Calcaterra,27,PHI,TE,15,6,13,9,76,8.4,1,4,53.8,16,0.6,5.1,69.2,5.8,0,,CalcGr00
295,Tanner Conner,27,MIA,TE,9,0,15,9,91,10.1,0,3,46.7,28,1.0,10.1,60.0,6.1,0,,ConnTa00
296,Darius Cooper,24,PHI,WR,13,0,11,9,92,10.2,0,6,63.6,19,0.7,7.1,81.8,8.4,0,,CoopDa01
297,Jacory Croskey-Merritt,24,WAS,RB,17,7,13,9,68,7.6,0,3,46.2,28,0.5,4.0,69.2,5.2,4,,CrosJa00
298,Scott Miller,28,PIT,WR,13,0,14,9,62,6.9,0,4,42.9,15,0.7,4.8,64.3,4.4,0,,MillSc01
299,Keaton Mitchell,23,BAL,RB,13,0,12,9,63,7.0,0,2,41.7,17,0.7,4.8,75.0,5.3,1,,MitcKe01
300,Elijah Moore,25,BUF,WR,9,2,17,9,112,12.4,0,4,35.3,31,1.0,12.4,52.9,6.6,0,,MoorEl00
301,Johnny Mundt,31,JAX,TE,16,6,19,9,111,12.3,0,6,47.4,21,0.6,6.9,47.4,5.8,0,,MundJo00
302,Dante Pettis,30,NOR,WR,8,0,11,9,127,14.1,0,4,45.5,32,1.1,15.9,81.8,11.5,1,,PettDa00
303,Will Shipley,23,PHI,RB,15,0,12,9,56,6.2,0,2,16.7,12,0.6,3.7,75.0,4.7,1,,ShipWi00
304,Brevyn Spann-Ford,26,DAL,TE,17,5,13,9,90,10.0,1,4,53.8,31,0.5,5.3,69.2,6.9,0,,SpanBr00
305,James Conner,30,ARI,RB,3,3,9,8,38,4.8,1,4,55.6,18,2.7,12.7,88.9,4.2,1,,ConnJa00
306,Blake Corum,25,LAR,RB,17,0,14,8,36,4.5,0,2,28.6,14,0.5,2.1,57.1,2.6,0,,CoruBl00
307,Anthony Firkser,30,DET,TE,7,4,10,8,53,6.6,0,4,40.0,18,1.1,7.6,80.0,5.3,0,,FirkAn00
308,Alec Ingold,29,MIA,FB,17,10,11,8,52,6.5,0,4,36.4,22,0.5,3.1,72.7,4.7,0,,IngoAl01
309,Brian Robinson Jr.,26,SFO,RB,17,0,12,8,25,3.1,0,1,25.0,6,0.5,1.5,66.7,2.1,0,,RobiBr01
310,Miles Sanders,28,DAL,RB,4,0,8,8,30,3.8,0,0,37.5,9,2.0,7.5,100.0,3.8,1,,SandMi01
311,Mitchell Tinsley,26,CIN,WR,17,4,24,8,116,14.5,2,6,33.3,27,0.5,6.8,33.3,4.8,0,,TinsMi00
312,Sean Tucker,24,TAM,RB,17,0,11,8,34,4.3,1,1,18.2,28,0.5,2.0,72.7,3.1,2,,TuckSe00
313,Charlie Woerner,28,ATL,TE,17,13,9,8,48,6.0,0,2,33.3,18,0.5,2.8,88.9,5.3,0,,WoerCh00
314,Trayveon Williams,28,2TM,RB,7,0,9,8,55,6.9,0,2,33.3,26,1.1,7.9,88.9,6.1,0,,WillTr06
314,Trayveon Williams,28,LAC,RB,3,0,1,1,0,0.0,0,0,0.0,,0.3,0.0,100.0,0.0,0,,WillTr06
314,Trayveon Williams,28,CLE,RB,4,0,8,7,55,7.9,0,2,37.5,26,1.8,13.8,87.5,6.9,0,,WillTr06
315,Tyler Conklin,30,LAC,TE,13,5,10,7,101,14.4,0,3,50.0,33,0.5,7.8,70.0,10.1,1,,ConkTy00
316,Dylan Drummond,25,ATL,WR,9,0,11,7,42,6.0,0,2,27.3,15,0.8,4.7,63.6,3.8,0,,DrumDy00
317,Ollie Gordon,21,MIA,RB,17,1,9,7,32,4.6,1,1,11.1,20,0.4,1.9,77.8,3.6,0,,GordOl00
318,Kylen Granson,27,PHI,TE,17,3,9,7,40,5.7,0,2,55.6,12,0.4,2.4,77.8,4.4,0,,GranKy00
319,Jawhar Jordan,26,HOU,RB,4,0,7,7,34,4.9,0,2,42.9,14,1.8,8.5,100.0,4.9,0,,JordJa00
320,Gage Larvadain,23,CLE,WR,13,0,14,7,71,10.1,0,3,28.6,14,0.5,5.5,50.0,5.1,4,,LarvGa00
321,Foster Moreau,28,NOR,TE,11,9,10,7,59,8.4,0,2,60.0,16,0.6,5.4,70.0,5.9,0,,MoreFo00
322,Curtis Samuel,29,BUF,WR,6,0,9,7,81,11.6,1,5,55.6,21,1.2,13.5,77.8,9.0,0,,SamuCu00
323,Stone Smartt,27,NYJ,TE,15,1,9,7,52,7.4,0,3,55.6,17,0.5,3.5,77.8,5.8,0,,SmarSt00
324,Arian Smith,24,NYJ,WR,16,5,16,7,52,7.4,0,4,31.3,23,0.4,3.3,43.8,3.3,0,,SmitAr01
325,Xavier Weaver,25,ARI,WR,10,2,13,7,67,9.6,0,2,30.8,23,0.7,6.7,53.8,5.2,0,,WeavXa00
326,Ray-Ray McCloud,29,2TM,WR,6,2,15,7,69,9.9,0,4,33.3,24,1.2,11.5,46.7,4.6,0,,McClRa00
326,Ray-Ray McCloud,29,ATL,WR,4,1,14,6,64,10.7,0,4,28.6,24,1.5,16.0,42.9,4.6,0,,McClRa00
326,Ray-Ray McCloud,29,NYG,WR,2,1,1,1,5,5.0,0,0,100.0,5,0.5,2.5,100.0,5.0,0,,McClRa00
327,Nate Adkins,26,DEN,TE,9,6,11,6,48,8.0,1,3,45.5,16,0.7,5.3,54.5,4.4,0,,AdkiNa00
328,Tutu Atwell,26,LAR,WR,10,4,15,6,192,32.0,1,4,40.0,88,0.6,19.2,40.0,12.8,0,,AtweTu00
329,Andrew Beck,29,NYJ,FB,17,2,9,6,45,7.5,2,4,66.7,17,0.4,2.6,66.7,5.0,0,,BeckAn01
330,Braxton Berrios,30,HOU,WR,4,0,8,6,37,6.2,0,3,37.5,14,1.5,9.3,75.0,4.6,0,,BerrBr00
331,Malik Heath,25,GNB,WR,11,0,7,6,86,14.3,0,4,85.7,37,0.5,7.8,85.7,12.3,0,,HeatMa00
332,Quintin Morris,26,JAX,TE,14,5,9,6,55,9.2,1,4,66.7,14,0.4,3.9,66.7,6.1,0,,MorrQu00
333,Adam Prentice,28,DEN,FB,17,3,8,6,53,8.8,0,3,50.0,14,0.4,3.1,75.0,6.6,0,,PrenAd00
334,James Proche,29,TEN,WR,9,2,12,6,65,10.8,0,2,33.3,23,0.7,7.2,50.0,5.4,0,,ProcJa00
335,Jack Stoll,27,NOR,TE,15,4,11,6,46,7.7,1,2,54.5,13,0.4,3.1,54.5,4.2,0,,StolJa00
336,Devontez Walker,24,BAL,WR,12,3,8,6,136,22.7,3,5,75.0,38,0.5,11.3,75.0,17.0,0,,WalkDe01
337,Jahdae Walker,23,CHI,WR,9,1,10,6,87,14.5,2,4,60.0,25,0.7,9.7,60.0,8.7,0,,WalkJa03
338,Casey Washington,24,ATL,WR,7,2,14,6,94,15.7,0,6,42.9,25,0.9,13.4,42.9,6.7,0,,WashCa01
339,Theo Wease,24,MIA,WR,3,0,10,6,139,23.2,1,6,60.0,63,2.0,46.3,60.0,13.9,0,,WeasTh00
340,Noah Brown,29,WAS,WR,4,4,10,5,83,16.6,0,3,50.0,28,1.3,20.8,50.0,8.3,0,,BrowNo00
341,Robbie Chosen,32,WAS,WR,3,0,9,5,53,10.6,0,2,22.2,17,1.7,17.7,55.6,5.9,0,,AndeRo04
342,Ashton Dulin,28,IND,WR,12,2,10,5,106,21.2,0,4,40.0,48,0.4,8.8,50.0,10.6,0,,DuliAs00
343,Austin Ekeler,30,WAS,RB,2,2,7,5,38,7.6,0,2,42.9,15,2.5,19.0,71.4,5.4,0,,EkelAu00
344,Jalin Hyatt,24,NYG,WR,8,0,14,5,35,7.0,0,2,28.6,14,0.6,4.4,35.7,2.5,0,,HyatJa00
345,KeAndre Lambert-Smith,24,LAC,WR,10,2,12,5,51,10.2,1,3,33.3,18,0.5,5.1,41.7,4.3,0,,LambKe01
346,Kendre Miller,23,NOR,RB,7,0,5,5,30,6.0,0,1,20.0,11,0.7,4.3,100.0,6.0,0,,MillKe01
347,Skyy Moore,25,SFO,WR,17,0,7,5,87,17.4,0,5,71.4,23,0.3,5.1,71.4,12.4,1,,MoorSk01
348,Albert Okwuegbunam,27,LVR,TE,1,0,6,5,36,7.2,0,2,50.0,16,5.0,36.0,83.3,6.0,0,,OkwuAl00
349,Josh Whyle,26,GNB,TE,8,1,6,5,36,7.2,1,2,66.7,21,0.6,4.5,83.3,6.0,0,,WhylJo01
350,Cedrick Wilson Jr.,30,MIA,WR,10,5,9,5,44,8.8,0,3,33.3,16,0.5,4.4,55.6,4.9,0,,WilsCe01
351,Jaylen Wright,22,MIA,RB,10,1,9,5,44,8.8,0,2,33.3,18,0.5,4.4,55.6,4.9,2,,WrigJa04
352,Michael Bandy,28,DEN,WR,4,0,4,4,50,12.5,1,3,100.0,20,1.0,12.5,100.0,12.5,1,,BandMi00
353,D'Wayne Eskridge,28,MIA,WR,13,0,7,4,62,15.5,0,3,42.9,40,0.3,4.8,57.1,8.9,1,,EskrDW00
354,Hassan Haskins,26,LAC,RB,12,0,4,4,13,3.3,0,0,25.0,9,0.3,1.1,100.0,3.3,0,,HaskHa00
355,Shedrick Jackson,26,LVR,WR,5,0,5,4,56,14.0,1,2,40.0,25,0.8,11.2,80.0,11.2,0,,JackSh01
356,Kameron Johnson,23,TAM,WR,17,0,7,4,64,16.0,1,3,42.9,34,0.2,3.8,57.1,9.1,2,,JohnKa01
357,Tom Kennedy,29,DET,WR,6,0,4,4,36,9.0,0,2,75.0,23,0.7,6.0,100.0,9.0,0,,KennTo01
358,Keleki Latu,23,BUF,TE,5,0,4,4,35,8.8,0,3,75.0,14,0.8,7.0,100.0,8.8,0,,LatuKe00
359,David Martin-Robinson,26,TEN,TE,17,4,6,4,30,7.5,1,3,66.7,14,0.2,1.8,66.7,5.0,0,,MartDa01
360,Scott Matlock,25,LAC,FB,16,8,4,4,12,3.0,1,1,75.0,5,0.3,0.8,100.0,3.0,0,,MatlSc00
361,Jaleel McLaughlin,25,DEN,RB,8,1,6,4,27,6.8,0,2,50.0,17,0.5,3.4,66.7,4.5,0,,McLaJa00
362,Bo Melton,26,GNB,CB,16,1,13,4,107,26.8,1,4,30.8,45,0.3,6.7,30.8,8.2,0,,MeltBo00
363,Andrew Ogletree,27,IND,TE,15,5,6,4,27,6.8,1,2,66.7,11,0.3,1.8,66.7,4.5,0,,OgleAn00
364,Eric Saubert,31,SEA,TE,11,5,7,4,31,7.8,0,2,42.9,12,0.4,2.8,57.1,4.4,0,,SaubEr00
365,Ben Skowronek,28,PIT,WR,17,3,6,4,69,17.3,1,4,66.7,22,0.2,4.1,66.7,11.5,0,PB,SkowBe00
366,Durham Smythe,30,CHI,TE,17,2,6,4,25,6.3,0,1,50.0,11,0.2,1.5,66.7,4.2,0,,SmytDu00
367,Tylan Wallace,26,BAL,WR,14,2,8,4,45,11.3,1,3,37.5,15,0.3,3.2,50.0,5.6,0,,WallTy00
368,Zamir White,26,LVR,RB,6,0,6,4,24,6.0,0,0,50.0,9,0.7,4.0,66.7,4.0,0,,WhitZa01
369,Brenden Bates,26,2TM,TE,9,3,5,4,48,12.0,0,3,80.0,19,0.4,5.3,80.0,9.6,0,,BateBr00
369,Brenden Bates,26,HOU,TE,3,0,2,2,23,11.5,0,2,100.0,19,0.7,7.7,100.0,11.5,0,,BateBr00
369,Brenden Bates,26,CLE,TE,6,3,3,2,25,12.5,0,1,66.7,19,0.3,4.2,66.7,8.3,0,,BateBr00
370,Tank Bigsby,24,2TM,RB,17,1,4,3,32,10.7,0,1,25.0,31,0.2,1.9,75.0,8.0,0,,BigsTa00
370,Tank Bigsby,24,JAX,RB,1,0,0,0,0,,0,0,,,0.0,0.0,,,0,,BigsTa00
370,Tank Bigsby,24,PHI,RB,16,1,4,3,32,10.7,0,1,25.0,31,0.2,2.0,75.0,8.0,0,,BigsTa00
371,Jalen Brooks,25,ARI,WR,5,0,6,3,51,17.0,0,3,50.0,20,0.6,10.2,50.0,8.5,1,,BrooJa03
372,Ty Chandler,27,MIN,RB,3,0,4,3,11,3.7,0,1,25.0,11,1.0,3.7,75.0,2.8,0,,ChanTy01
373,Efton Chism,24,NWE,WR,8,1,3,3,75,25.0,1,3,100.0,35,0.4,9.4,100.0,25.0,0,,ChisEf00
374,Josiah Deguara,28,ARI,TE,12,2,5,3,21,7.0,1,2,60.0,8,0.3,1.8,60.0,4.2,0,,DeguJo00
375,AJ Dillon,27,PHI,RB,7,0,3,3,21,7.0,0,0,100.0,11,0.4,3.0,100.0,7.0,1,,DillAJ00
376,Trevor Etienne,21,CAR,RB,17,0,3,3,13,4.3,0,1,33.3,7,0.2,0.8,100.0,4.3,2,,EtieTr01
377,Tai Felton,22,MIN,WR,17,0,3,3,25,8.3,0,2,66.7,10,0.2,1.5,100.0,8.3,0,,FeltTa00
378,Najee Harris,27,LAC,RB,3,0,3,3,25,8.3,0,1,66.7,11,1.0,8.3,100.0,8.3,0,,HarrNa00
379,Connor Heyward,26,PIT,TE,17,2,4,3,21,7.0,1,1,50.0,12,0.2,1.2,75.0,5.3,0,,HeywCo00
380,KhaDarel Hodge,30,ATL,WR,12,1,10,3,31,10.3,0,2,30.0,16,0.3,2.6,30.0,3.1,0,,HodgKh00
381,Dylan Laube,26,LVR,RB,17,0,4,3,18,6.0,0,1,50.0,13,0.2,1.1,75.0,4.5,1,,LaubDy00
382,James Mitchell,26,CAR,TE,5,0,3,3,28,9.3,0,2,100.0,11,0.6,5.6,100.0,9.3,0,,MitcJa00
383,Jaret Patterson,26,LAC,RB,6,1,4,3,8,2.7,0,1,25.0,4,0.5,1.3,75.0,2.0,0,,PattJa01
384,Tip Reiman,24,ARI,TE,4,3,5,3,18,6.0,0,1,40.0,10,0.8,4.5,60.0,3.6,0,,ReimTi00
385,Xavier Restrepo,23,TEN,WR,2,0,7,3,41,13.7,0,3,42.9,15,1.5,20.5,42.9,5.9,0,,RestXa00
386,Chris Rodriguez,25,WAS,RB,13,7,4,3,30,10.0,0,1,75.0,18,0.2,2.3,75.0,7.5,0,,RodrCh00
387,Raheim Sanders,23,CLE,RB,4,1,4,3,21,7.0,0,0,75.0,10,0.8,5.3,75.0,5.3,0,,SandRa00
388,Trent Sherfield,29,2TM,WR,12,3,5,3,21,7.0,0,1,20.0,15,0.3,1.8,60.0,4.2,0,,SherTr00
388,Trent Sherfield,29,DEN,WR,10,3,4,3,21,7.0,0,1,25.0,15,0.3,2.1,75.0,5.3,0,,SherTr00
388,Trent Sherfield,29,ARI,WR,2,0,1,0,0,,0,0,0.0,,0.0,0.0,0.0,0.0,0,,SherTr00
389,Ben Sims,25,MIN,TE,8,2,6,3,30,10.0,0,2,33.3,18,0.4,3.8,50.0,5.0,0,,SimsBe00
390,Deven Thompkins,26,ATL,WR,7,0,3,3,27,9.0,0,1,100.0,19,0.4,3.9,100.0,9.0,0,,ThomDe07
391,Austin Trammell,27,JAX,WR,6,0,10,3,46,15.3,0,2,20.0,18,0.5,7.7,30.0,4.6,0,,TramAu00
392,Tahj Washington,24,MIA,WR,6,1,5,3,37,12.3,0,1,40.0,19,0.5,6.2,60.0,7.4,1,,WashTa00
393,Justin Watson,29,HOU,WR,3,0,4,3,30,10.0,0,1,50.0,15,1.0,10.0,75.0,7.5,0,,WatsJu01
394,Cody White,27,SEA,WR,10,0,4,3,90,30.0,1,2,75.0,60,0.3,9.0,75.0,22.5,0,,WhitCo05
395,Shane Zylstra,29,DET,TE,6,3,5,3,20,6.7,0,1,20.0,11,0.5,3.3,60.0,4.0,0,,ZylsSh00
396,Braelon Allen,21,NYJ,RB,4,0,3,2,17,8.5,0,1,66.7,12,0.5,4.3,66.7,5.7,1,,AlleBr05
397,Andre Baccellia,28,ARI,WR,5,2,4,2,8,4.0,0,0,25.0,5,0.4,1.6,50.0,2.0,0,,BaccAn00
398,Alex Bachman,29,LVR,WR,13,0,3,2,12,6.0,0,2,66.7,9,0.2,0.9,66.7,4.0,1,,BachAl00
399,Ronnie Bell,25,NOR,WR,2,0,4,2,23,11.5,1,1,25.0,16,1.0,11.5,50.0,5.8,0,,BellRo01
400,Jake Bobo,27,SEA,WR,11,0,2,2,20,10.0,0,1,50.0,17,0.2,1.8,100.0,10.0,0,,BoboJa00
401,Pharaoh Brown,31,ARI,TE,7,2,2,2,1,0.5,0,0,0.0,1,0.3,0.1,100.0,0.5,0,,BrowPh01
402,Harrison Bryant,27,HOU,TE,12,4,6,2,7,3.5,0,1,16.7,5,0.2,0.6,33.3,1.2,0,,BryaHa00
403,Sal Cannella,29,CLE,TE,2,0,5,2,11,5.5,0,1,20.0,6,1.0,5.5,40.0,2.2,0,,CannSa00
404,Beaux Collins,23,NYG,WR,9,0,6,2,25,12.5,0,1,33.3,18,0.2,2.8,33.3,4.2,0,,CollBe00
405,Britain Covey,28,PHI,WR,6,0,4,2,20,10.0,0,2,50.0,12,0.3,3.3,50.0,5.0,2,,CoveBr00
406,Derius Davis,25,LAC,WR,11,0,3,2,10,5.0,0,0,33.3,7,0.2,0.9,66.7,3.3,1,,DaviDe02
407,Malik Davis,27,DAL,RB,10,0,5,2,16,8.0,0,0,0.0,10,0.2,1.6,40.0,3.2,0,,DaviMa02
408,Devin Duvernay,28,CHI,WR,17,0,5,2,26,13.0,0,1,40.0,24,0.1,1.5,40.0,5.2,0,,DuveDe00
409,Ross Dwelley,30,DET,TE,11,1,5,2,7,3.5,0,0,20.0,4,0.2,0.6,40.0,1.4,0,,DwelRo00
410,Clyde Edwards-Helaire,26,KAN,RB,2,0,2,2,9,4.5,0,0,50.0,7,1.0,4.5,100.0,4.5,0,,EdwaCl00
411,Tucker Fisk,26,LAC,TE,10,7,4,2,19,9.5,0,1,25.0,12,0.2,1.9,50.0,4.8,0,,FiskTu00
412,Antonio Gibson,27,NWE,RB,5,0,3,2,6,3.0,0,0,0.0,5,0.4,1.2,66.7,2.0,2,,GibsAn00
413,Reggie Gilliam,28,BUF,FB,17,2,2,2,24,12.0,0,1,50.0,22,0.1,1.4,100.0,12.0,0,,GillRe00
414,Xavier Gipson,24,PHI,WR,5,0,2,2,6,3.0,0,0,0.0,3,0.4,1.2,100.0,3.0,2,,GipsXa00
415,Tyler Goodson,25,IND,RB,11,0,3,2,8,4.0,0,0,33.3,8,0.2,0.7,66.7,2.7,0,,GoodTy00
416,Anthony Gould,24,IND,WR,11,1,2,2,6,3.0,0,0,0.0,3,0.2,0.5,100.0,3.0,0,,GoulAn00
417,Cam Grandy,25,CIN,TE,5,1,2,2,7,3.5,0,0,50.0,6,0.4,1.4,100.0,3.5,1,,GranCa00
418,C.J. Ham,32,MIN,FB,11,1,2,2,11,5.5,0,1,100.0,6,0.2,1.0,100.0,5.5,0,,HamxC.00
419,George Holani,26,SEA,RB,11,0,2,2,15,7.5,0,1,50.0,11,0.2,1.4,100.0,7.5,1,,HolaGe00
420,Jakobie Keeney-James,25,GNB,WR,1,1,2,2,15,7.5,0,0,50.0,8,2.0,15.0,100.0,7.5,0,,KeenJa00
421,Corey Kiner,23,ARI,RB,4,0,3,2,15,7.5,0,1,66.7,11,0.5,3.8,66.7,5.0,0,,KineCo00
422,Mason Kinsey,27,TEN,WR,10,0,4,2,48,24.0,0,2,50.0,34,0.2,4.8,50.0,12.0,0,,KinsMa00
423,Lucas Krull,27,DEN,TE,3,3,4,2,15,7.5,0,0,25.0,9,0.7,5.0,50.0,3.8,0,,KrulLu00
424,Phil Mafah,23,DAL,RB,1,0,2,2,11,5.5,0,1,50.0,10,2.0,11.0,100.0,5.5,0,,MafaPh00
425,Tay Martin,28,WAS,WR,3,0,2,2,23,11.5,0,1,100.0,14,0.7,7.7,100.0,11.5,0,,MartTa00
426,Moliki Matavao,22,NOR,TE,6,2,2,2,10,5.0,0,0,50.0,6,0.3,1.7,100.0,5.0,0,,MataMo00
427,Ryan Miller,25,TAM,WR,13,3,4,2,34,17.0,1,1,25.0,20,0.2,2.6,50.0,8.5,0,,MillRy01
428,Jalen Royals,22,KAN,WR,7,2,3,2,4,2.0,0,0,0.0,2,0.3,0.6,66.7,1.3,0,,RoyaJa00
429,Jordan Watkins,23,SFO,WR,4,0,3,2,26,13.0,0,1,33.3,19,0.5,6.5,66.7,8.7,0,,WatkJo00
430,Jared Wayne,25,HOU,WR,1,1,2,2,20,10.0,0,1,50.0,17,2.0,20.0,100.0,10.0,0,,WaynJa01
431,Blake Whiteheart,25,CLE,TE,17,4,6,2,4,2.0,0,0,0.0,4,0.1,0.2,33.3,0.7,1,,WhitBl01
432,Caleb Williams,24,CHI,QB,17,17,2,2,22,11.0,1,2,100.0,20,0.1,1.3,100.0,11.0,9,,WillCa03
433,Colson Yankoff,25,WAS,TE,14,0,3,2,18,9.0,0,2,66.7,14,0.1,1.3,66.7,6.0,0,,YankCo00
434,Dareke Young,26,SEA,WR,9,0,3,2,48,24.0,0,2,66.7,36,0.2,5.3,66.7,16.0,0,,YounDa02
435,Ben Yurosek,23,MIN,TE,12,1,3,2,14,7.0,0,1,66.7,9,0.2,1.2,66.7,4.7,0,,YuroBe00
436,Zaire Mitchell-Paden,26,2TM,TE,8,1,3,2,17,8.5,0,1,33.3,14,0.3,2.1,66.7,5.7,0,,MitcZa00
436,Zaire Mitchell-Paden,26,BAL,TE,6,1,2,1,3,3.0,0,0,0.0,3,0.2,0.5,50.0,1.5,0,,MitcZa00
436,Zaire Mitchell-Paden,26,NOR,TE,2,0,1,1,14,14.0,0,1,100.0,14,0.5,7.0,100.0,14.0,0,,MitcZa00
437,Spencer Anderson,25,PIT,OL,17,7,1,1,4,4.0,0,0,0.0,4,0.1,0.2,100.0,4.0,0,,AndeSp00
438,Jaydon Blue,21,DAL,RB,5,0,1,1,5,5.0,0,0,0.0,5,0.2,1.0,100.0,5.0,1,,BlueJa01
439,Tahj Brooks,23,CIN,RB,16,0,2,1,9,9.0,0,0,50.0,9,0.1,0.6,50.0,4.5,0,,BrooTa00
440,Connor Colby,22,SFO,OL,13,6,1,1,-1,-1.0,0,0,0.0,-1,0.1,-0.1,100.0,-1.0,0,,ColbCo00
441,Devin Culp,25,TAM,TE,13,0,1,1,6,6.0,1,1,100.0,6,0.1,0.5,100.0,6.0,0,,CulpDe00
442,Drake Dabney,23,GNB,TE,2,1,2,1,3,3.0,0,0,0.0,3,0.5,1.5,50.0,1.5,0,,DabnDr00
443,Payne Durham,25,TAM,TE,17,10,4,1,11,11.0,0,1,25.0,11,0.1,0.6,25.0,2.8,0,,DurhPa00
444,Quinn Ewers,22,MIA,QB,4,3,1,1,-6,-6.0,0,0,0.0,-6,0.3,-1.5,100.0,-6.0,3,,EwerQu00
445,Cody Ford,29,CIN,OT,17,0,1,1,21,21.0,0,1,100.0,21,0.1,1.2,100.0,21.0,0,,FordCo00
446,Khalil Herbert,27,NYJ,RB,7,0,4,1,4,4.0,0,0,25.0,4,0.1,0.6,25.0,1.0,0,,HerbKh00
447,Evan Hull,25,NOR,RB,6,0,1,1,6,6.0,0,0,0.0,6,0.2,1.0,100.0,6.0,0,,HullEv00
448,Terrell Jennings,24,NWE,RB,7,0,1,1,9,9.0,0,0,100.0,9,0.1,1.3,100.0,9.0,0,,JennTe00
449,Kaleb Johnson,22,PIT,RB,10,0,2,1,9,9.0,0,0,50.0,9,0.1,0.9,50.0,4.5,1,,JohnKa03
450,Jacoby Jones,24,WAS,WR,1,0,1,1,25,25.0,0,1,100.0,25,1.0,25.0,100.0,25.0,0,,JoneJa16
451,Tim Jones,27,JAX,WR,2,0,1,1,15,15.0,0,1,100.0,15,0.5,7.5,100.0,15.0,0,,JoneTi00
452,Patrick Mahomes,30,KAN,QB,14,14,1,1,-10,-10.0,0,0,0.0,-10,0.1,-0.7,100.0,-10.0,3,,MahoPa00
453,Will Mallory,26,IND,TE,2,0,1,1,16,16.0,0,1,100.0,16,0.5,8.0,100.0,16.0,0,,MallWi00
454,Chris Manhertz,33,NYG,TE,17,3,2,1,7,7.0,0,0,50.0,7,0.1,0.4,50.0,3.5,0,,ManhCh00
455,Drake Maye,23,NWE,QB,17,17,1,1,2,2.0,0,0,0.0,2,0.1,0.1,100.0,2.0,8,PBAP-2AP MVP-2AP OPoY-5,MayeDr00
456,Jonathan Mingo,24,DAL,WR,6,0,5,1,25,25.0,0,1,20.0,25,0.2,4.2,20.0,5.0,0,,MingJo00
457,David Moore,30,CAR,WR,4,2,1,1,5,5.0,0,0,0.0,5,0.3,1.3,100.0,5.0,0,,MoorDa03
458,Malachi Moore,24,NYJ,DB,17,14,1,1,3,3.0,0,1,100.0,3,0.1,0.2,100.0,3.0,1,,MoorMa04
459,Bryce Oliver,25,TEN,WR,3,0,1,1,8,8.0,0,0,100.0,8,0.3,2.7,100.0,8.0,0,,OlivBr02
460,Spencer Rattler,25,NOR,QB,9,8,2,1,0,0.0,0,0,0.0,,0.1,0.0,50.0,0.0,4,,RattSp00
461,Nikko Remigio,26,KAN,WR,14,0,1,1,21,21.0,0,1,100.0,21,0.1,1.5,100.0,21.0,2,,RemiNi00
462,Patrick Ricard,31,BAL,FB,11,5,2,1,8,8.0,0,0,50.0,8,0.1,0.7,50.0,4.0,0,PBAP-2,RicaPa00
463,Anthony Richardson,23,IND,QB,2,0,1,1,9,9.0,0,1,100.0,9,0.5,4.5,100.0,9.0,0,,RichAn03
464,Aaron Rodgers,42,PIT,QB,16,16,1,1,-9,-9.0,0,0,0.0,-9,0.1,-0.6,100.0,-9.0,4,,RodgAa00
465,Carter Runyon,24,LVR,TE,13,0,1,1,3,3.0,0,0,0.0,3,0.1,0.2,100.0,3.0,0,,RunyCa00
466,Jeffery Simmons,28,TEN,DT,15,15,1,1,1,1.0,1,1,100.0,1,0.1,0.1,100.0,1.0,0,PBAP-1,SimmJe01
467,Quentin Skinner,24,NYJ,WR,1,0,1,1,10,10.0,0,1,100.0,10,1.0,10.0,100.0,10.0,0,,SkinQu00
468,Robert Tonyan,31,KAN,TE,17,0,1,1,1,1.0,0,0,0.0,1,0.1,0.1,100.0,1.0,0,,TonyRo00
469,Samori Toure,27,NOR,WR,1,0,3,1,3,3.0,0,0,0.0,3,1.0,3.0,33.3,1.0,0,,TourSa00
470,Jack Westover,26,NWE,FB,17,2,2,1,0,0.0,0,0,0.0,,0.1,0.0,50.0,0.0,0,,WestJa01
471,Jared Wiley,25,KAN,TE,5,0,1,1,4,4.0,0,1,100.0,4,0.2,0.8,100.0,4.0,0,,WileJa00
472,Ke'Shawn Williams,24,CIN,WR,3,0,1,1,5,5.0,0,0,0.0,5,0.3,1.7,100.0,5.0,0,,WillKe08
473,Jameis Winston,31,NYG,QB,3,2,1,1,33,33.0,1,1,100.0,33,0.3,11.0,100.0,33.0,1,,WinsJa00
474,Tristan Wirfs,26,TAM,T,12,12,1,1,2,2.0,1,1,100.0,2,0.1,0.2,100.0,2.0,0,PB,WirfTr00
475,Jelani Woods,27,NYJ,TE,4,1,3,1,4,4.0,0,0,0.0,4,0.3,1.0,33.3,1.3,0,,WoodJe01
476,Cam Akers,26,MIN,RB,3,0,1,0,0,,0,0,0.0,,0.0,0.0,0.0,0.0,0,,AkerCa00
477,Josh Allen,29,BUF,QB,17,17,0,0,0,,0,0,,,0.0,0.0,,,7,PBAP MVP-3,AlleJo02
478,Kyle Allen,29,DET,QB,3,0,0,0,0,,0,0,,,0.0,0.0,,,0,,AlleKy00
479,Brandon Aubrey,30,DAL,K,17,0,0,0,0,,0,0,,,0.0,0.0,,,0,PBAP-2,AubrBr00
480,Tyson Bagent,25,CHI,QB,3,0,0,0,0,,0,0,,,0.0,0.0,,,1,,BageTy00
481,Ulysses Bentley,25,IND,RB,1,0,0,0,0,,0,0,,,0.0,0.0,,,0,,BentUl00
482,Garett Bolles,33,DEN,T,17,17,1,0,0,,0,0,0.0,,0.0,0.0,0.0,0.0,0,PBAP-1,BollGa00
483,Teddy Bridgewater,33,TAM,QB,4,0,0,0,0,,0,0,,,0.0,0.0,,,0,,BridTe00
484,Jacoby Brissett,33,ARI,QB,14,12,0,0,0,,0,0,,,0.0,0.0,,,5,,BrisJa00
485,British Brooks,26,HOU,RB,15,2,0,0,0,,0,0,,,0.0,0.0,,,0,,BrooBr01
486,Max Brosmer,24,MIN,QB,7,2,0,0,0,,0,0,,,0.0,0.0,,,2,,BrosMa00
487,Brittain Brown,28,CHI,RB,3,0,1,0,0,,0,0,0.0,,0.0,0.0,0.0,0.0,0,,BrowBr06
488,Jake Browning,29,CIN,QB,5,3,0,0,0,,0,0,,,0.0,0.0,,,1,,BrowJa08
489,Jason Brownlee,26,KAN,WR,6,0,1,0,0,,0,0,0.0,,0.0,0.0,0.0,0.0,0,,BrowJa07
490,Shane Buechele,27,KAN,QB,1,0,0,0,0,,0,0,,,0.0,0.0,,,0,,BuecSh00
491,Joe Burrow,29,CIN,QB,8,8,0,0,0,,0,0,,,0.0,0.0,,,0,PB,BurrJo01
492,Alex Cappa,30,LVR,G,17,8,1,0,0,,0,0,0.0,,0.0,0.0,0.0,0.0,0,,CappAl00
493,Nathan Carter,23,ATL,RB,7,0,0,0,0,,0,0,,,0.0,0.0,,,1,,CartNa00
494,Julius Chestnut,25,TEN,RB,17,0,2,0,0,,0,0,0.0,,0.0,0.0,0.0,0.0,0,,ChesJu00
495,Brady Cook,24,NYJ,QB,5,4,0,0,0,,0,0,,,0.0,0.0,,,3,,CookBr03
496,Kirk Cousins,37,ATL,QB,10,8,0,0,0,,0,0,,,0.0,0.0,,,3,,CousKi00
497,Malik Cunningham,27,DET,WR,1,0,0,0,0,,0,0,,,0.0,0.0,,,0,,CunnMa00
498,DeeJay Dallas,27,2TM,RB,6,0,1,0,0,,0,0,0.0,,0.0,0.0,0.0,0.0,0,,DallDe00
498,DeeJay Dallas,27,CAR,RB,3,0,0,0,0,,0,0,,,0.0,0.0,,,0,,DallDe00
498,DeeJay Dallas,27,JAX,RB,3,0,1,0,0,,0,0,0.0,,0.0,0.0,0.0,0.0,0,,DallDe00
499,Andy Dalton,38,CAR,QB,4,1,0,0,0,,0,0,,,0.0,0.0,,,2,,DaltAn00
500,Jayden Daniels,25,WAS,QB,7,7,0,0,0,,0,0,,,0.0,0.0,,,3,,DaniJa02
501,Sam Darnold,28,SEA,QB,17,17,0,0,0,,0,0,,,0.0,0.0,,,11,PB,DarnSa00
502,Jaxson Dart,22,NYG,QB,14,12,0,0,0,,0,0,,,0.0,0.0,,,5,AP ORoY-4,DartJa00
503,Joshua Dobbs,30,NWE,QB,4,0,0,0,0,,0,0,,,0.0,0.0,,,0,,DobbJo00
504,Justin Fields,26,NYJ,QB,9,9,1,0,0,,0,0,0.0,,0.0,0.0,0.0,0.0,4,,FielJu00
505,Joe Flacco,40,2TM,QB,13,10,0,0,0,,0,0,,,0.0,0.0,,,3,PB,FlacJo00
505,Joe Flacco,40,CLE,QB,4,4,0,0,0,,0,0,,,0.0,0.0,,,2,,FlacJo00
505,Joe Flacco,40,CIN,QB,9,6,0,0,0,,0,0,,,0.0,0.0,,,1,,FlacJo00
506,Feleipe Franks,28,ATL,TE,17,0,0,0,0,,0,0,,,0.0,0.0,,,0,,FranFe00
507,Dillon Gabriel,25,CLE,QB,10,6,0,0,0,,0,0,,,0.0,0.0,,,0,,GabrDi00
508,Jimmy Garoppolo,34,LAR,QB,3,0,0,0,0,,0,0,,,0.0,0.0,,,0,,GaroJi00
509,Myles Gaskin,28,SEA,RB,1,0,0,0,0,,0,0,,,0.0,0.0,,,0,,GaskMy00
510,DJ Giddens,22,IND,RB,9,0,2,0,0,,0,0,0.0,,0.0,0.0,0.0,0.0,0,,GiddDJ00
511,Jamie Gillan,28,NYG,P,16,0,0,0,0,,0,0,,,0.0,0.0,,,0,,GillJa00
512,Jared Goff,31,DET,QB,17,17,0,0,0,,0,0,,,0.0,0.0,,,6,PB,GoffJa00
513,Mecole Hardman,27,BUF,WR,2,0,1,0,0,,0,0,0.0,,0.0,0.0,0.0,0.0,1,,HardMe00
514,Justin Herbert,27,LAC,QB,16,16,0,0,0,,0,0,,,0.0,0.0,,,7,PB,HerbJu00
515,Nyheim Hines,29,LAC,RB,3,0,0,0,0,,0,0,,,0.0,0.0,,,0,,HineNy00
516,Travis Homer,27,CHI,RB,10,0,0,0,0,,0,0,,,0.0,0.0,,,0,,HomeTr00
517,Tyler Huntley,27,BAL,QB,5,2,0,0,0,,0,0,,,0.0,0.0,,,0,,HuntTy01
518,Jalen Hurts,27,PHI,QB,16,16,0,0,0,,0,0,,,0.0,0.0,,,8,PB,HurtJa00
519,Lamar Jackson,28,BAL,QB,13,13,0,0,0,,0,0,,,0.0,0.0,,,7,,JackLa00
520,Amar Johnson,22,LAC,RB,2,0,1,0,0,,0,0,0.0,,0.0,0.0,0.0,0.0,0,,JohnAm00
521,D'Ernest Johnson,29,2TM,RB,8,0,0,0,0,,0,0,,,0.0,0.0,,,0,,JohnDE04
521,D'Ernest Johnson,29,ARI,RB,1,0,0,0,0,,0,0,,,0.0,0.0,,,0,,JohnDE04
521,D'Ernest Johnson,29,NWE,RB,7,0,0,0,0,,0,0,,,0.0,0.0,,,0,,JohnDE04
522,Josh Johnson,39,WAS,QB,5,2,0,0,0,,0,0,,,0.0,0.0,,,2,,JohnJo05
523,Roschon Johnson,24,CHI,RB,7,0,0,0,0,,0,0,,,0.0,0.0,,,0,,JohnRo07
524,Charlie Jones,27,CIN,WR,14,0,1,0,0,,0,0,0.0,,0.0,0.0,0.0,0.0,0,,JoneCh11
525,Daniel Jones,28,IND,QB,13,13,0,0,0,,0,0,,,0.0,0.0,,,9,,JoneDa05
526,Mac Jones,27,SFO,QB,11,8,0,0,0,,0,0,,,0.0,0.0,,,4,,JoneMa05
527,Velus Jones Jr.,28,SEA,RB,3,0,0,0,0,,0,0,,,0.0,0.0,,,0,,JoneVe00
528,Nick Kallerup,24,SEA,TE,9,0,1,0,0,,0,0,0.0,,0.0,0.0,0.0,0.0,0,,KallNi00
529,Trey Lance,25,LAC,QB,4,1,0,0,0,,0,0,,,0.0,0.0,,,1,,LancTr00
530,Trevor Lawrence,26,JAX,QB,17,17,0,0,0,,0,0,,,0.0,0.0,,,5,AP MVP-5AP CPoY-4,LawrTr00
531,Riley Leonard,23,IND,QB,5,1,0,0,-3,,0,0,,-3,0.0,-0.6,,,2,,LeonRi02
532,Drew Lock,29,SEA,QB,5,0,0,0,0,,0,0,,,0.0,0.0,,,2,,LockDr00
533,Jordan Love,27,GNB,QB,15,15,0,0,0,,0,0,,,0.0,0.0,,,7,,LoveJo03
534,Braden Mann,28,PHI,P,17,0,0,0,0,,0,0,,,0.0,0.0,,,0,,MannBr01
535,Marcus Mariota,32,WAS,QB,11,8,0,0,0,,0,0,,,0.0,0.0,,,6,,MariMa01
536,Adrian Martinez,25,SFO,QB,1,0,0,0,0,,0,0,,,0.0,0.0,,,0,,MartAd00
537,Jake Matthews,33,ATL,T,17,17,1,0,0,,0,0,0.0,,0.0,0.0,0.0,0.0,0,,MattJa00
538,Baker Mayfield,30,TAM,QB,17,17,0,0,0,,0,0,,,0.0,0.0,,,11,,MayfBa00
539,J.J. McCarthy,22,MIN,QB,10,10,0,0,0,,0,0,,,0.0,0.0,,,6,,McCaJJ00
540,Tanner McKee,25,PHI,QB,4,1,0,0,0,,0,0,,,0.0,0.0,,,0,,McKeTa01
541,Davis Mills,27,HOU,QB,6,3,0,0,0,,0,0,,,0.0,0.0,,,1,,MillDa02
542,Jalen Milroe,23,SEA,QB,3,0,0,0,0,,0,0,,,0.0,0.0,,,1,,MilrJa00
543,Joe Milton,25,DAL,QB,4,0,0,0,0,,0,0,,,0.0,0.0,,,1,,MiltJo00
544,Kendall Milton,23,CIN,RB,1,0,0,0,0,,0,0,,,0.0,0.0,,,0,,MiltKe01
545,Gardner Minshew II,29,KAN,QB,4,1,0,0,0,,0,0,,,0.0,0.0,,,0,,MinsGa00
546,Elijah Mitchell,27,KAN,RB,1,0,1,0,0,,0,0,0.0,,0.0,0.0,0.0,0.0,0,,MitcEl00
547,Nick Mullens,30,JAX,QB,5,0,0,0,0,,0,0,,,0.0,0.0,,,0,,MullNi00
548,Kalel Mullings,23,TEN,RB,9,0,0,0,0,,0,0,,,0.0,0.0,,,0,,MullKa00
549,Kyler Murray,28,ARI,QB,5,5,0,0,0,,0,0,,,0.0,0.0,,,1,,MurrKy00
550,Bo Nix,25,DEN,QB,17,17,1,0,0,,0,0,0.0,,0.0,0.0,0.0,0.0,4,,NixxBo00
551,Kene Nwangwu,27,NYJ,RB,12,1,1,0,0,,0,0,0.0,,0.0,0.0,0.0,0.0,0,,NwanKe00
552,Aidan O'Connell,27,LVR,QB,1,0,0,0,0,,0,0,,,0.0,0.0,,,0,,OConAi00
553,Chris Oladokun,28,KAN,QB,3,2,0,0,0,,0,0,,,0.0,0.0,,,4,,OladCh00
554,Coleman Owen,24,IND,WR,2,0,1,0,0,,0,0,0.0,,0.0,0.0,0.0,0.0,0,,OwenCo00
555,Michael Penix,25,ATL,QB,9,9,0,0,0,,0,0,,,0.0,0.0,,,4,,PeniMi00
556,Trevor Penning,26,LAC,OT,7,4,1,0,0,,0,0,0.0,,0.0,0.0,0.0,0.0,0,,PennTr00
557,Kenny Pickett,27,LVR,QB,6,2,0,0,0,,0,0,,,0.0,0.0,,,1,,PickKe00
558,Dameon Pierce,25,2TM,RB,5,0,1,0,0,,0,0,0.0,,0.0,0.0,0.0,0.0,0,,PierDa01
558,Dameon Pierce,25,HOU,RB,4,0,1,0,0,,0,0,0.0,,0.0,0.0,0.0,0.0,0,,PierDa01
558,Dameon Pierce,25,KAN,RB,1,0,0,0,0,,0,0,,,0.0,0.0,,,0,,PierDa01
559,Isaiah Pola-Mao,26,LVR,S,17,17,0,0,0,,0,0,,,0.0,0.0,,,0,,PolaIs00
560,Dak Prescott,32,DAL,QB,17,17,0,0,0,,0,0,,,0.0,0.0,,,6,PBAP CPoY-3,PresDa01
561,Brock Purdy,26,SFO,QB,9,9,0,0,0,,0,0,,,0.0,0.0,,,3,,PurdBr00
562,Bernhard Raimann,28,IND,T,16,16,1,0,0,,0,0,0.0,,0.0,0.0,0.0,0.0,0,,RaimBe00
563,Craig Reynolds,29,DET,RB,7,0,0,0,0,,0,0,,,0.0,0.0,,,0,,ReynCr00
564,Giovanni Ricci,29,DET,TE,3,1,1,0,0,,0,0,0.0,,0.0,0.0,0.0,0.0,0,,RiccGi00
565,Philip Rivers,44,IND,QB,3,3,0,0,0,,0,0,,,0.0,0.0,,,2,,RivePh00
566,Ronnie Rivers,26,LAR,RB,11,0,0,0,0,,0,0,,,0.0,0.0,,,0,,RiveRo01
567,Mason Rudolph,30,PIT,QB,5,1,0,0,0,,0,0,,,0.0,0.0,,,1,,RudoMa00
568,Cooper Rush,32,BAL,QB,4,2,0,0,0,,0,0,,,0.0,0.0,,,1,,RushCo00
569,Brady Russell,27,SEA,FB,17,1,1,0,0,,0,0,0.0,,0.0,0.0,0.0,0.0,0,,RussBr00
570,Shedeur Sanders,23,CLE,QB,8,7,0,0,0,,0,0,,,0.0,0.0,,,2,PB,SandSh00
571,Jacob Saylors,24,DET,RB,16,0,0,0,0,,0,0,,,0.0,0.0,,,0,,SaylJa00
572,Tyler Shough,26,NOR,QB,11,9,0,0,0,,0,0,,,0.0,0.0,,,3,AP ORoY-2,ShouTy00
573,Steven Sims,28,ARI,WR,3,0,1,0,0,,0,0,0.0,,0.0,0.0,0.0,0.0,0,,SimsSt00
574,Geno Smith,35,LVR,QB,15,15,0,0,0,,0,0,,,0.0,0.0,,,4,,SmitGe00
575,Matthew Stafford,37,LAR,QB,17,17,0,0,0,,0,0,,,0.0,0.0,,,7,PBAP-1AP MVP-1,StafMa00
576,Jarrett Stidham,29,DEN,QB,1,0,0,0,0,,0,0,,,0.0,0.0,,,0,,StidJa00
577,C.J. Stroud,24,HOU,QB,14,14,0,0,0,,0,0,,,0.0,0.0,,,2,,StroCJ00
578,Grant Stuard,27,DET,LB,17,0,0,0,0,,0,0,,,0.0,0.0,,,0,,StuaGr00
579,Tua Tagovailoa,27,MIA,QB,14,14,0,0,0,,0,0,,,0.0,0.0,,,8,,TagoTu00
580,Tyrod Taylor,36,NYJ,QB,6,4,0,0,0,,0,0,,,0.0,0.0,,,1,,TaylTy00
581,Rodney Thomas II,27,IND,S,17,0,0,0,0,,0,0,,,0.0,0.0,,,0,,ThomRo07
582,Mitchell Trubisky,31,BUF,QB,4,0,0,0,0,,0,0,,,0.0,0.0,,,0,,TrubMi00
583,Clayton Tune,26,GNB,QB,2,1,0,0,0,,0,0,,,0.0,0.0,,,1,,TuneCl00
584,Malik Turner,29,SFO,WR,3,0,1,0,0,,0,0,0.0,,0.0,0.0,0.0,0.0,0,,TurnMa00
585,Sione Vaki,24,DET,RB,11,0,0,0,0,,0,0,,,0.0,0.0,,,0,,VakiSi00
586,Cam Ward,23,TEN,QB,17,17,0,0,0,,0,0,,,0.0,0.0,,,11,,WardCa00
587,Carson Wentz,33,MIN,QB,5,5,0,0,0,,0,0,,,0.0,0.0,,,3,,WentCa00
588,Josh Williams,25,TAM,RB,3,0,0,0,0,,0,0,,,0.0,0.0,,,0,,WillJo011
589,Brayden Willis,26,SFO,TE,6,0,1,0,0,,0,0,0.0,,0.0,0.0,0.0,0.0,0,,WillBr06
590,Malik Willis,26,GNB,QB,4,1,0,0,0,,0,0,,,0.0,0.0,,,2,,WillMa12
591,Russell Wilson,37,NYG,QB,6,3,0,0,0,,0,0,,,0.0,0.0,,,3,,WilsRu00
592,Zach Wilson,26,MIA,QB,4,0,0,0,0,,0,0,,,0.0,0.0,,,0,,WilsZa00
593,Jacardia Wright,25,SEA,RB,1,0,0,0,0,,0,0,,,0.0,0.0,,,0,,WrigJa05
594,Owen Wright,26,TAM,RB,3,0,0,0,0,,0,0,,,0.0,0.0,,,0,,WrigOw00
595,Luke Wypler,24,CLE,C,17,5,1,0,0,,0,0,0.0,,0.0,0.0,0.0,0.0,0,,WyplLu00
596,Bryce Young,24,CAR,QB,16,16,0,0,0,,0,0,,,0.0,0.0,,,7,,YounBr01